{"stats":{"minecraft:mined":{"minecraft:large_fern":1,"minecraft:grass_block":2,"minecraft:oak_log":2,"minecraft:dirt":1,"minecraft:kelp_plant":1,"minecraft:spruce_leaves":3,"biomesoplenty:maple_leaves":4,"minecraft:kelp":2,"minecraft:pumpkin":3,"minecraft:grass_path":1},"minecraft:used":{"minecraft:sweet_berries":5,"minecraft:bread":4},"minecraft:picked_up":{"minecraft:pumpkin":3,"minecraft:sweet_berries":3,"minecraft:kelp":5,"minecraft:oak_log":2,"vampirism:vampire_fang":1,"minecraft:dirt":4},"minecraft:custom":{"minecraft:time_since_rest":6354,"minecraft:open_chest":11,"minecraft:play_one_minute":42147,"minecraft:crouch_one_cm":1,"minecraft:sprint_one_cm":42104,"minecraft:damage_taken":210,"minecraft:walk_one_cm":30899,"minecraft:sneak_time":58,"minecraft:walk_under_water_one_cm":1224,"minecraft:jump":237,"minecraft:interact_with_blast_furnace":1,"minecraft:leave_game":1,"minecraft:walk_on_water_one_cm":391,"minecraft:time_since_death":42147,"minecraft:sleep_in_bed":1,"minecraft:climb_one_cm":614,"minecraft:swim_one_cm":2772,"minecraft:talked_to_villager":1,"minecraft:interact_with_crafting_table":1,"minecraft:interact_with_cartography_table":2,"minecraft:fall_one_cm":4815,"minecraft:fly_one_cm":55127}},"DataVersion":2586}