{"stats":{"minecraft:killed_by":{"vampirism:advanced_vampire":1,"minecraft:creeper":3,"iceandfire:siren":4,"minecraft:pillager":1,"iceandfire:stymphalian_bird":2,"iceandfire:dread_ghoul":2,"iceandfire:sea_serpent":14,"medieval_craft_weapons:archer":1,"minecraft:zombie":4,"mowziesmobs:frostmaw":1,"vampirism:vampire":3,"medieval_craft_weapons:knight":2,"medieval_craft_weapons:soldier":9,"minecraft:player":3,"iceandfire:dread_beast":3,"iceandfire:dread_scuttler":10,"minecraft:stray":2,"minecraft:spider":2,"minecraft:enderman":1,"minecraft:iron_golem":2,"iceandfire:dread_knight":18,"iceandfire:gorgon":3,"minecraft:skeleton":5,"medieval_craft_weapons:viking_1":1,"iceandfire:ghost":2,"medieval_craft_weapons:viking_2":5},"minecraft:used":{"minecraft:iron_shovel":1260,"iceandfire:dragon_skull_ice":1,"farmersdelight:cabbage_seeds":6,"minecraft:poppy":3,"farmersdelight:cabbage":6,"minecraft:iron_sword":245,"medieval_craft_weapons:mighty_stick":6,"minecraft:rotten_flesh":9,"vampirism:item_tent":2,"minecraft:bow":96,"minecraft:sweet_berries":22,"minecraft:furnace":3,"minecraft:potato":6,"minecraft:stone_pickaxe":131,"minecraft:oak_planks":78,"minecraft:blast_furnace":1,"minecraft:crossbow":3,"vampirism:stake":43,"farmersdelight:rice":3,"minecraft:black_bed":1,"minecraft:pumpkin_seeds":3,"minecraft:bread":21,"tconstruct:crafting_station":3,"vampirism:med_chair":3,"tconstruct:earth_slime_dirt":2,"minecraft:stone_shovel":136,"minecraft:spruce_planks":529,"minecraft:oak_door":3,"minecraft:torch":16,"minecraft:dirt":1180,"spartanweaponry:club_wood":5,"iceandfire:pixie_dust":1,"biomesoplenty:maple_sapling":2,"minecraft:wooden_axe":56,"quark:spruce_chest":10,"minecraft:iron_axe":353,"tconstruct:tinker_station":1,"minecraft:cooked_beef":1,"tconstruct:part_builder":1,"minecraft:pumpkin":1,"minecraft:cooked_mutton":6,"vampirism:fire_place":1,"minecraft:water_bucket":3,"vampirism:altar_inspiration":1,"minecraft:baked_potato":15,"vampirism:item_garlic":3,"iceandfire:dread_knight_sword":204,"minecraft:mossy_cobblestone":4,"minecraft:crafting_table":6,"vampirism:hunter_table":3,"minecraft:spruce_log":20,"minecraft:wooden_hoe":17,"minecraft:iron_pickaxe":577,"minecraft:spruce_sapling":9,"minecraft:stone_axe":433,"minecraft:cobblestone":245,"minecraft:purple_bed":1,"minecraft:bucket":3,"minecraft:pumpkin_pie":1,"quark:oak_chest":1,"minecraft:kelp":15},"minecraft:custom":{"minecraft:interact_with_crafting_table":35,"minecraft:leave_game":7,"minecraft:time_since_death":104,"minecraft:sprint_one_cm":568678,"minecraft:drop":118,"minecraft:talked_to_villager":3,"minecraft:deaths":105,"minecraft:jump":3807,"minecraft:walk_on_water_one_cm":107416,"minecraft:interact_with_furnace":38,"minecraft:interact_with_cartography_table":2,"minecraft:play_one_minute":477339,"minecraft:sleep_in_bed":14,"minecraft:damage_dealt":56966,"minecraft:player_kills":1,"minecraft:crouch_one_cm":40643,"minecraft:mob_kills":249,"minecraft:damage_dealt_resisted":230,"minecraft:climb_one_cm":998,"minecraft:walk_one_cm":1347922,"minecraft:sneak_time":14697,"minecraft:walk_under_water_one_cm":126871,"minecraft:interact_with_blast_furnace":13,"minecraft:interact_with_grindstone":1,"minecraft:time_since_rest":137,"minecraft:damage_taken":2147483647,"minecraft:trigger_trapped_chest":3,"minecraft:swim_one_cm":102970,"minecraft:fly_one_cm":815787,"minecraft:open_chest":144,"minecraft:fall_one_cm":80679},"minecraft:mined":{"minecraft:spruce_planks":61,"biomesoplenty:dead_leaves":1,"minecraft:grass_block":666,"tconstruct:earth_slime_tall_grass":4,"iceandfire:pixie_jar_4":1,"iceandfire:dread_spawner":12,"vampirism:hunter_table":3,"minecraft:iron_ore":39,"minecraft:pumpkin":6,"vampirism:tent":2,"tconstruct:earth_slime_leaves":15,"tconstruct:sky_slime_fern":1,"biomesoplenty:willow_leaves":2,"minecraft:brown_mushroom":2,"minecraft:kelp_plant":5,"minecraft:clay":18,"minecraft:torch":8,"minecraft:blast_furnace":2,"minecraft:poppy":6,"tconstruct:greenheart_log":10,"minecraft:cobblestone":25,"minecraft:oak_planks":8,"minecraft:wall_torch":7,"minecraft:skeleton_skull":1,"minecraft:seagrass":1,"vampirism:med_chair":1,"tconstruct:earth_slime_dirt":2,"biomesoplenty:maple_leaves":59,"minecraft:stone_brick_stairs":1,"minecraft:grass":36,"biomesoplenty:dead_log":1,"minecraft:oak_log":42,"minecraft:sand":107,"minecraft:dirt":488,"tconstruct:crafting_station":2,"minecraft:oak_leaves":1,"minecraft:diamond_ore":11,"minecraft:mossy_cobblestone":7,"minecraft:dark_oak_leaves":1,"vampirism:altar_inspiration":1,"farmersdelight:wild_carrots":6,"minecraft:spruce_fence":2,"minecraft:spruce_leaves":96,"minecraft:kelp":14,"minecraft:large_fern":2,"minecraft:oak_trapdoor":1,"minecraft:spruce_sapling":2,"minecraft:furnace":1,"iceandfire:copper_ore":2,"biomesoplenty:willow_vine":1,"quark:smooth_basalt":4,"minecraft:bookshelf":10,"tconstruct:earth_earth_slime_grass":3,"minecraft:vine":1,"minecraft:packed_ice":44,"minecraft:stone":297,"tconstruct:earth_congealed_slime":14,"tconstruct:copper_ore":6,"minecraft:podzol":4,"tconstruct:sky_slime_tall_grass":3,"minecraft:dandelion":1,"minecraft:crafting_table":3,"minecraft:tall_grass":5,"minecraft:spruce_stairs":2,"tconstruct:sky_slime_leaves":1,"minecraft:purple_bed":1,"minecraft:sweet_berry_bush":1,"minecraft:ice":1,"minecraft:spruce_log":249,"minecraft:birch_leaves":2,"tconstruct:skyroot_log":8,"iceandfire:pixie_house_mushroom_red":1,"quark:deepslate":162,"minecraft:grass_path":1,"vampirism:garlic":4,"minecraft:coal_ore":64,"vampirism:fire_place":2,"quark:spruce_chest":1,"minecraft:sunflower":2,"minecraft:gravel":123,"minecraft:cobweb":3,"minecraft:stone_bricks":2,"minecraft:fern":24,"tconstruct:sky_congealed_slime":16},"minecraft:picked_up":{"minecraft:iron_chestplate":2,"iceandfire:copper_ore":2,"farmersdelight:rice_panicle":10,"minecraft:stone_brick_stairs":1,"vampirism:holy_water_bottle_normal":2,"minecraft:string":17,"tconstruct:earth_slime_dirt":5,"iceandfire:sea_serpent_scales_teal":44,"vampirism:blood_bucket":2,"iceandfire:sea_serpent_scales_bronze":7,"minecraft:bucket":1,"farmersdelight:cabbage":10,"minecraft:spruce_planks":72,"minecraft:iron_pickaxe":3,"farmersdelight:cabbage_seeds":26,"minecraft:furnace":1,"iceandfire:pixie_dust":2,"minecraft:stick":28,"quark:crab_shell":1,"minecraft:torch":14,"minecraft:spruce_stairs":1,"minecraft:porkchop":12,"vampirism:vampire_fang":2,"vampirism:hunter_table":3,"vampirism:blood_bottle":3,"minecraft:rotten_flesh":49,"minecraft:cod":3,"minecraft:cobblestone":325,"vampirism:med_chair":1,"farmersdelight:rice":9,"tconstruct:greenheart_log":4,"biomesoplenty:dead_log":2,"minecraft:potato":24,"vampirism:stake":1,"minecraft:flint":15,"minecraft:map":3,"minecraft:dirt":1241,"minecraft:glass":1,"minecraft:bone":47,"minecraft:bow":2,"minecraft:wheat_seeds":15,"vampirism:item_garlic":19,"minecraft:diamond_helmet":2,"minecraft:oak_planks":16,"iceandfire:shiny_scales":2,"minecraft:sand":107,"iceandfire:stymphalian_bird_feather":37,"minecraft:mossy_cobblestone":9,"quark:cobbled_deepslate":130,"minecraft:diamond":11,"minecraft:crossbow":1,"minecraft:emerald":5,"minecraft:bread":21,"iceandfire:gorgon_head":2,"iceandfire:copper_ingot":5,"tconstruct:crafting_station":2,"minecraft:crafting_table":3,"minecraft:clay_ball":72,"tconstruct:materials_and_you":1,"minecraft:brown_mushroom":2,"tconstruct:skyroot_log":8,"iceandfire:dread_key":1,"iceandfire:sea_serpent_scales_blue":4,"minecraft:compass":1,"minecraft:glass_pane":30,"quark:spruce_chest":2,"minecraft:beef":2,"iceandfire:dread_knight_sword":4,"iceandfire:dread_shard":32,"minecraft:poppy":6,"iceandfire:dragonbone":23,"minecraft:oak_door":3,"medieval_craft_weapons:titanite_nugget_1":5,"minecraft:spruce_fence":2,"minecraft:carrot":5,"minecraft:prismarine_crystals":4,"iceandfire:dragon_skull_ice":4,"iceandfire:silver_ingot":2,"tconstruct:sky_slime_ball":64,"minecraft:arrow":23,"iceandfire:sea_serpent_scales_purple":5,"minecraft:diamond_chestplate":1,"vampirism:altar_inspiration":1,"minecraft:pumpkin_pie":1,"quark:smooth_basalt":4,"minecraft:mutton":6,"minecraft:skeleton_skull":1,"quark:crab_leg":1,"vampirism:vampire_blood_bottle":4,"iceandfire:sea_serpent_fang":54,"vampirism:item_tent":2,"minecraft:leather":3,"minecraft:oak_log":40,"minecraft:chainmail_chestplate":1,"tconstruct:tool_handle":4,"minecraft:gunpowder":12,"minecraft:wooden_hoe":1,"minecraft:paper":6,"minecraft:white_banner":1,"iceandfire:pixie_house_mushroom_red":1,"minecraft:stone_bricks":1,"minecraft:kelp":44,"minecraft:iron_ingot":14,"minecraft:iron_ore":65,"minecraft:glass_bottle":11,"iceandfire:sea_serpent_scales_deepblue":13,"minecraft:iron_sword":1,"minecraft:book":30,"vampirism:pure_salt":3,"tconstruct:copper_ore":6,"minecraft:pumpkin":9,"minecraft:sweet_berries":49,"iceandfire:sea_serpent_scales_green":2,"vampirism:fire_place":1,"minecraft:dandelion":1,"minecraft:gravel":108,"minecraft:spruce_sapling":33,"minecraft:blast_furnace":2,"minecraft:spruce_log":252,"minecraft:spider_eye":4,"minecraft:pumpkin_seeds":5,"biomesoplenty:maple_sapling":2,"minecraft:purple_bed":1,"minecraft:slime_ball":102,"minecraft:stone_axe":1,"minecraft:chainmail_leggings":1,"iceandfire:sea_serpent_scales_red":6,"minecraft:gray_wool":1,"minecraft:coal":125,"minecraft:ender_pearl":1},"minecraft:broken":{"minecraft:iron_shovel":5,"minecraft:diamond_helmet":1,"minecraft:iron_chestplate":1,"minecraft:stone_pickaxe":1,"minecraft:diamond_boots":1,"minecraft:stone_axe":4,"minecraft:iron_sword":1,"minecraft:wooden_axe":1,"minecraft:stone_shovel":1,"iceandfire:earplugs":2,"minecraft:iron_axe":1,"minecraft:iron_pickaxe":2},"minecraft:dropped":{"minecraft:brown_mushroom":2,"vampirism:stake":1,"minecraft:cooked_beef":1,"minecraft:glass_bottle":23,"minecraft:leather":1,"iceandfire:gorgon_head":2,"minecraft:cod":3,"iceandfire:copper_ingot":5,"minecraft:dirt":55,"iceandfire:sea_serpent_scales_red":6,"iceandfire:blindfold":1,"iceandfire:pixie_jar_empty":1,"quark:cobbled_deepslate":129,"vampirism:injection_sanguinare":1,"minecraft:iron_pickaxe":1,"minecraft:bone":1,"iceandfire:stymphalian_bird_feather":5,"quark:crab_leg":1,"minecraft:rotten_flesh":15,"vampirism:blood_bottle":4,"minecraft:oak_planks":2,"minecraft:chainmail_chestplate":1,"minecraft:poppy":3,"farmersdelight:rice_panicle":8,"vampirism:vampire_blood_bottle":4,"vampirism:vampire_fang":1,"minecraft:skeleton_skull":1,"iceandfire:pixie_dust":1,"iceandfire:dread_knight_sword":2,"minecraft:iron_ore":26,"vampirism:blood_bucket":2,"minecraft:glass":1,"quark:crab_shell":1,"minecraft:wheat_seeds":4,"tconstruct:tool_handle":4,"minecraft:diamond_leggings":1,"minecraft:iron_helmet":1,"minecraft:cobblestone":22,"quark:spruce_chest":2,"minecraft:chainmail_helmet":1,"minecraft:stick":6,"minecraft:gray_wool":1,"tconstruct:hand_axe":1,"minecraft:torch":1,"minecraft:wooden_hoe":1,"vampirism:altar_inspiration":1,"minecraft:diamond_helmet":3,"minecraft:white_banner":1,"minecraft:iron_axe":1,"minecraft:bucket":12,"minecraft:spruce_sapling":1,"minecraft:dandelion":1,"iceandfire:dragonbone":1,"iceandfire:earplugs":1,"minecraft:sweet_berries":4,"tconstruct:earth_slime_dirt":3,"farmersdelight:cabbage_seeds":20,"minecraft:iron_boots":1,"iceandfire:dragon_skull_ice":1,"minecraft:spruce_fence":2,"minecraft:glass_pane":45,"medieval_craft_weapons:mighty_stick":1,"minecraft:diamond_chestplate":2,"spartanweaponry:club_wood":1,"minecraft:spruce_planks":12,"minecraft:iron_chestplate":1,"iceandfire:silver_ingot":2,"minecraft:spider_eye":4,"minecraft:stone_bricks":1,"minecraft:spruce_log":4,"minecraft:diamond_boots":1,"minecraft:slime_ball":51,"iceandfire:sea_serpent_fang":6},"minecraft:killed":{"tconstruct:earth_slime":22,"vampirism:vampire":2,"vampirism:advanced_vampire":1,"minecraft:spider":21,"iceandfire:gorgon":1,"minecraft:cod":1,"iceandfire:stymphalian_bird":7,"minecraft:skeleton":18,"medieval_craft_weapons:soldier":6,"quark:crab":2,"iceandfire:dread_scuttler":4,"minecraft:zombie_villager":1,"minecraft:salmon":2,"minecraft:creeper":7,"minecraft:sheep":1,"minecraft:pillager":2,"minecraft:zombie":66,"minecraft:stray":1,"iceandfire:pixie":1,"iceandfire:dread_ghoul":12,"medieval_craft_weapons:viking_2":1,"iceandfire:sea_serpent":7,"medieval_craft_weapons:archer":7,"iceandfire:dread_beast":4,"iceandfire:dread_knight":16,"iceandfire:dread_thrall":19,"iceandfire:siren":1,"minecraft:drowned":4,"iceandfire:ghost":3,"minecraft:enderman":1},"minecraft:crafted":{"minecraft:brick":40,"minecraft:smooth_stone":3,"minecraft:oak_planks":112,"vampirism:injection_garlic":1,"minecraft:stone":3,"tconstruct:tool_binding":1,"minecraft:cooked_mutton":6,"tconstruct:hand_axe":1,"minecraft:glass":32,"minecraft:diamond_helmet":1,"minecraft:diamond_leggings":1,"tconstruct:seared_brick":64,"vampirism:stake":1,"tconstruct:small_axe_head":1,"minecraft:glass_bottle":9,"minecraft:crafting_table":4,"minecraft:spruce_planks":660,"tconstruct:tool_handle":2,"iceandfire:earplugs":1,"minecraft:wooden_hoe":1,"minecraft:charcoal":8,"minecraft:stick":28,"quark:oak_chest":1,"spartanweaponry:club_wood":1,"minecraft:iron_ingot":39,"minecraft:iron_pickaxe":3,"minecraft:oak_door":6,"tconstruct:pattern":6,"minecraft:stone_shovel":2,"tconstruct:part_builder":1,"tconstruct:repair_kit":1,"minecraft:furnace":2,"vampirism:injection_empty":1,"minecraft:iron_axe":1,"minecraft:stone_pickaxe":1,"minecraft:diamond_boots":1,"medieval_craft_weapons:mighty_stick":1,"minecraft:cooked_beef":2,"biomesoplenty:dead_planks":4,"iceandfire:pixie_jar_empty":1,"minecraft:stone_axe":4,"minecraft:air":0,"tconstruct:crafting_station":1,"minecraft:wooden_axe":1,"minecraft:iron_shovel":1,"vampirism:blood_container":1,"minecraft:torch":4}},"DataVersion":2586}