{"stats":{"minecraft:dropped":{"minecraft:wheat_seeds":2,"minecraft:oak_fence":1,"minecraft:cobblestone":8,"minecraft:torch":9,"magistuarmory:rusted_bastardsword":1,"farmersdelight:onion":3,"minecraft:white_wool":3,"minecraft:gravel":6,"minecraft:furnace":1,"minecraft:stone_axe":1,"biomesoplenty:redwood_sapling":2,"minecraft:rotten_flesh":4,"biomesoplenty:blue_hydrangea":2,"minecraft:wooden_pickaxe":1},"minecraft:custom":{"minecraft:mob_kills":40,"minecraft:interact_with_crafting_table":38,"minecraft:eat_cake_slice":7,"minecraft:leave_game":7,"minecraft:time_since_death":23903,"minecraft:sprint_one_cm":267393,"minecraft:walk_one_cm":338028,"minecraft:damage_blocked_by_shield":130,"minecraft:drop":22,"minecraft:talked_to_villager":1,"minecraft:play_time":172040,"minecraft:sneak_time":18611,"minecraft:deaths":16,"minecraft:walk_under_water_one_cm":4362,"minecraft:jump":2274,"minecraft:interact_with_blast_furnace":5,"minecraft:walk_on_water_one_cm":15347,"minecraft:total_world_time":172040,"minecraft:interact_with_furnace":44,"minecraft:sleep_in_bed":7,"minecraft:time_since_rest":23932,"minecraft:damage_taken":5526,"minecraft:damage_dealt":5979,"minecraft:player_kills":2,"minecraft:swim_one_cm":8242,"minecraft:fly_one_cm":305688,"minecraft:open_chest":7,"minecraft:crouch_one_cm":49829,"minecraft:fall_one_cm":64227},"minecraft:killed_by":{"minecraft:creeper":2,"minecraft:skeleton":6,"minecraft:zombie":6},"minecraft:killed":{"alexsmobs:raccoon":1,"minecraft:spider":1,"minecraft:skeleton":3,"minecraft:horse":8,"alexsmobs:banana_slug":1,"minecraft:chicken":1,"minecraft:pig":1,"minecraft:creeper":2,"minecraft:sheep":5,"minecraft:zombie":7,"alexsmobs:cockroach":1,"alexsmobs:fly":3,"minecraft:cow":2},"minecraft:mined":{"minecraft:white_bed":3,"minecraft:cobblestone_stairs":2,"farmersdelight:wild_carrots":8,"biomesoplenty:bush":3,"minecraft:allium":1,"minecraft:grass_block":22,"minecraft:redstone_wire":4,"minecraft:spruce_leaves":1,"minecraft:hay_block":2,"farmersdelight:wild_onions":23,"minecraft:furnace":2,"minecraft:iron_ore":27,"minecraft:deepslate_lapis_ore":1,"biomesoplenty:magic_log":23,"biomesoplenty:hanging_cobweb":7,"biomesoplenty:redwood_log":94,"minecraft:stone":260,"minecraft:podzol":15,"biomesoplenty:redwood_planks":69,"minecraft:redstone_block":1,"minecraft:comparator":1,"farmersdelight:organic_compost":6,"biomesoplenty:hanging_cobweb_strand":1,"minecraft:oak_fence":1,"minecraft:crafting_table":6,"minecraft:sculk_sensor":1,"minecraft:stone_slab":1,"minecraft:tall_grass":2,"minecraft:copper_ore":7,"biomesoplenty:huge_clover_petal":4,"farmersdelight:wild_tomatoes":2,"minecraft:sugar_cane":6,"minecraft:oak_planks":3,"minecraft:sculk":2,"minecraft:wall_torch":1,"minecraft:coarse_dirt":1,"biomesoplenty:blue_hydrangea":2,"minecraft:beehive":4,"minecraft:wheat":9,"minecraft:magenta_bed":1,"minecraft:lilac":1,"minecraft:grass":13,"biomesoplenty:clover":10,"minecraft:oak_log":5,"minecraft:coal_ore":47,"biomesoplenty:redwood_leaves":194,"minecraft:gravel":6,"minecraft:dirt":55,"minecraft:oak_leaves":2,"minecraft:fern":3},"minecraft:broken":{"magistuarmory:rustedkettlehat":1,"magistuarmory:corruptedroundshield":1,"minecraft:stone_pickaxe":1,"minecraft:stone_axe":2,"minecraft:wooden_axe":2},"minecraft:used":{"magistuarmory:corruptedroundshield":5,"minecraft:stone_shovel":30,"biomesoplenty:redwood_planks":312,"minecraft:chest":1,"minecraft:stone":1,"minecraft:cooked_chicken":1,"minecraft:torch":4,"minecraft:dirt":79,"minecraft:carrot":12,"minecraft:beehive":2,"biomesoplenty:redwood_log":17,"minecraft:wooden_axe":114,"magistuarmory:rustedkettlehat":1,"minecraft:furnace":4,"magistuarmory:rusted_bastardsword":1,"minecraft:cooked_mutton":7,"magistuarmory:rustedchainmail_chestplate":2,"minecraft:cobblestone_stairs":63,"biomesoplenty:magic_log":7,"minecraft:stone_pickaxe":164,"minecraft:oak_planks":4,"minecraft:wooden_pickaxe":21,"jet_and_elias_armors:raider_armor_helmet":1,"farmersdelight:onion":12,"minecraft:crafting_table":7,"minecraft:magenta_bed":1,"minecraft:blast_furnace":1,"minecraft:white_bed":2,"magistuarmory:rustedgreathelm":3,"biomesoplenty:hanging_cobweb":1,"minecraft:bread":4,"minecraft:iron_pickaxe":213,"minecraft:gravel":3,"minecraft:stone_axe":265,"minecraft:cobblestone":2,"alexsmobs:animal_dictionary":3},"minecraft:crafted":{"minecraft:oak_planks":20,"jet_and_elias_armors:raider_armor_helmet":1,"minecraft:smooth_stone":23,"minecraft:stone_shovel":1,"minecraft:cooked_chicken":1,"minecraft:furnace":4,"minecraft:blast_furnace":1,"minecraft:stone":24,"minecraft:cobblestone_stairs":80,"minecraft:cooked_mutton":7,"magistuarmory:steel_ingot":6,"minecraft:stone_pickaxe":2,"minecraft:chest":1,"minecraft:wheat":18,"minecraft:crafting_table":2,"biomesoplenty:redwood_planks":304,"minecraft:wooden_pickaxe":1,"minecraft:copper_ingot":27,"minecraft:leather_helmet":1,"minecraft:stone_axe":3,"minecraft:bread":9,"minecraft:air":0,"minecraft:stick":24,"minecraft:iron_ingot":19,"minecraft:iron_pickaxe":1,"minecraft:wooden_axe":2,"minecraft:torch":20},"minecraft:picked_up":{"biomesoplenty:redwood_log":94,"minecraft:crafting_table":10,"minecraft:wheat":9,"minecraft:allium":30,"minecraft:redstone_block":3,"minecraft:chicken":2,"minecraft:wooden_pickaxe":4,"minecraft:raw_copper":27,"minecraft:cobbled_deepslate":4,"minecraft:comparator":2,"minecraft:spruce_planks":2,"minecraft:iron_pickaxe":3,"minecraft:sugar_cane":30,"biomesoplenty:hanging_cobweb":4,"farmersdelight:cabbage_seeds":2,"minecraft:furnace":4,"minecraft:beehive":8,"minecraft:stick":13,"minecraft:raw_iron":51,"minecraft:copper_ingot":27,"minecraft:oak_fence":1,"minecraft:torch":77,"minecraft:porkchop":4,"farmersdelight:tomato_seeds":5,"magistuarmory:rustedkettlehat":4,"minecraft:diorite":1,"minecraft:redstone":12,"minecraft:carrot":11,"biomesoplenty:redwood_planks":158,"minecraft:rotten_flesh":14,"minecraft:arrow":22,"biomesoplenty:blue_hydrangea":12,"minecraft:stone_shovel":3,"farmersdelight:onion":62,"minecraft:hay_block":4,"biomesoplenty:redwood_sapling":26,"minecraft:mutton":7,"minecraft:cobblestone":362,"minecraft:white_wool":15,"minecraft:glow_ink_sac":25,"minecraft:leather":24,"minecraft:red_mushroom":3,"minecraft:potato":1,"minecraft:oak_log":5,"minecraft:magenta_bed":1,"minecraft:gunpowder":14,"minecraft:cobblestone_stairs":70,"minecraft:lapis_lazuli":24,"minecraft:dirt":273,"farmersdelight:organic_compost":12,"minecraft:cooked_mutton":6,"minecraft:bone":16,"minecraft:wheat_seeds":34,"minecraft:iron_ingot":10,"minecraft:stone_pickaxe":1,"biomesoplenty:magic_log":39,"minecraft:oak_planks":33,"biomesoplenty:magic_sapling":3,"jet_and_elias_armors:raider_armor_helmet":4,"magistuarmory:rustedchainmail_chestplate":5,"minecraft:gravel":12,"magistuarmory:rustednorman_helmet":2,"minecraft:white_bed":2,"magistuarmory:rustedgreathelm":5,"alexsmobs:animal_dictionary":2,"minecraft:stone_axe":6,"magistuarmory:rusted_bastardsword":1,"magistuarmory:corruptedroundshield":3,"minecraft:gray_wool":4,"minecraft:emerald":8,"minecraft:bread":5,"alexsmobs:banana_slug_slime":1,"alexsmobs:maggot":6,"minecraft:coal":46}},"DataVersion":3120}