{"stats":{"minecraft:picked_up":{"biomesoplenty:redwood_log":117,"minecraft:crafting_table":10,"minecraft:wheat":9,"minecraft:allium":30,"minecraft:redstone_block":3,"minecraft:chicken":2,"minecraft:lead":1,"minecraft:wooden_pickaxe":4,"minecraft:raw_copper":27,"minecraft:cobbled_deepslate":4,"minecraft:comparator":2,"minecraft:spruce_planks":2,"minecraft:iron_pickaxe":3,"minecraft:sugar_cane":36,"biomesoplenty:hanging_cobweb":4,"farmersdelight:cabbage_seeds":2,"minecraft:furnace":4,"minecraft:beehive":8,"minecraft:stick":18,"minecraft:raw_iron":51,"minecraft:copper_ingot":27,"minecraft:oak_fence":1,"minecraft:torch":80,"minecraft:porkchop":4,"farmersdelight:tomato_seeds":5,"magistuarmory:rustedkettlehat":4,"minecraft:diorite":1,"minecraft:redstone":12,"minecraft:carrot":19,"biomesoplenty:redwood_planks":159,"minecraft:rotten_flesh":14,"minecraft:arrow":22,"biomesoplenty:blue_hydrangea":12,"minecraft:stone_shovel":3,"farmersdelight:onion":62,"minecraft:hay_block":4,"biomesoplenty:redwood_sapling":32,"minecraft:mutton":7,"minecraft:cobblestone":383,"minecraft:white_wool":15,"farmersdelight:rice":4,"minecraft:glow_ink_sac":25,"minecraft:leather":24,"minecraft:red_mushroom":3,"minecraft:potato":1,"alexsmobs:bear_fur":1,"minecraft:flint":1,"minecraft:oak_log":5,"minecraft:magenta_bed":1,"minecraft:gunpowder":14,"minecraft:cobblestone_stairs":70,"minecraft:lapis_lazuli":24,"minecraft:dirt":293,"farmersdelight:organic_compost":12,"minecraft:cooked_mutton":6,"minecraft:bone":16,"minecraft:wheat_seeds":37,"minecraft:iron_ingot":12,"minecraft:stone_pickaxe":2,"biomesoplenty:magic_log":39,"minecraft:stone_hoe":1,"minecraft:oak_planks":33,"biomesoplenty:magic_sapling":3,"jet_and_elias_armors:raider_armor_helmet":4,"magistuarmory:rustedchainmail_chestplate":5,"minecraft:gravel":12,"magistuarmory:rustednorman_helmet":2,"minecraft:white_bed":2,"magistuarmory:rustedgreathelm":5,"alexsmobs:animal_dictionary":2,"minecraft:stone_axe":6,"magistuarmory:rusted_bastardsword":1,"magistuarmory:corruptedroundshield":3,"minecraft:gray_wool":4,"minecraft:emerald":8,"minecraft:bread":5,"alexsmobs:banana_slug_slime":1,"alexsmobs:maggot":6,"minecraft:coal":46},"minecraft:killed_by":{"minecraft:creeper":2,"minecraft:trader_llama":1,"minecraft:skeleton":6,"minecraft:zombie":9},"minecraft:killed":{"alexsmobs:raccoon":1,"minecraft:spider":1,"minecraft:skeleton":3,"minecraft:horse":8,"alexsmobs:banana_slug":1,"minecraft:chicken":1,"minecraft:pig":1,"alexsmobs:grizzly_bear":1,"minecraft:creeper":2,"minecraft:sheep":5,"minecraft:zombie":7,"alexsmobs:cockroach":1,"alexsmobs:fly":4,"minecraft:cow":2},"minecraft:dropped":{"minecraft:wheat_seeds":2,"minecraft:oak_fence":1,"minecraft:cobblestone":8,"minecraft:torch":9,"magistuarmory:rusted_bastardsword":1,"farmersdelight:onion":3,"minecraft:white_wool":3,"minecraft:gravel":6,"minecraft:furnace":1,"minecraft:stone_axe":1,"biomesoplenty:redwood_sapling":2,"minecraft:rotten_flesh":4,"biomesoplenty:blue_hydrangea":2,"minecraft:wooden_pickaxe":1},"minecraft:custom":{"minecraft:mob_kills":43,"minecraft:interact_with_crafting_table":43,"minecraft:eat_cake_slice":7,"minecraft:leave_game":9,"minecraft:time_since_death":4623,"minecraft:sprint_one_cm":300394,"minecraft:walk_one_cm":388064,"minecraft:damage_blocked_by_shield":130,"minecraft:drop":22,"minecraft:talked_to_villager":3,"minecraft:play_time":206052,"minecraft:sneak_time":19970,"minecraft:deaths":20,"minecraft:walk_under_water_one_cm":5701,"minecraft:jump":2442,"minecraft:interact_with_blast_furnace":5,"minecraft:walk_on_water_one_cm":22585,"minecraft:total_world_time":206052,"minecraft:interact_with_furnace":45,"minecraft:traded_with_villager":1,"minecraft:sleep_in_bed":8,"minecraft:time_since_rest":4651,"minecraft:damage_taken":6533,"minecraft:damage_dealt":6415,"minecraft:player_kills":2,"minecraft:swim_one_cm":8792,"minecraft:fly_one_cm":328855,"minecraft:open_chest":15,"minecraft:crouch_one_cm":53459,"minecraft:fall_one_cm":67680},"minecraft:used":{"magistuarmory:corruptedroundshield":5,"minecraft:stone_shovel":30,"biomesoplenty:redwood_planks":405,"farmersdelight:cabbage_seeds":2,"minecraft:chest":1,"minecraft:stone":1,"minecraft:stone_hoe":7,"minecraft:cooked_chicken":1,"minecraft:torch":7,"minecraft:dirt":82,"minecraft:carrot":24,"minecraft:beehive":2,"biomesoplenty:redwood_log":17,"minecraft:wooden_axe":114,"magistuarmory:rustedkettlehat":1,"minecraft:furnace":4,"magistuarmory:rusted_bastardsword":1,"farmersdelight:tomato_seeds":3,"minecraft:cooked_mutton":7,"magistuarmory:rustedchainmail_chestplate":2,"minecraft:cobblestone_stairs":63,"biomesoplenty:magic_log":7,"minecraft:stone_pickaxe":248,"biomesoplenty:redwood_sapling":19,"minecraft:oak_planks":4,"minecraft:wooden_pickaxe":21,"jet_and_elias_armors:raider_armor_helmet":1,"farmersdelight:onion":12,"minecraft:crafting_table":8,"minecraft:magenta_bed":1,"minecraft:blast_furnace":1,"minecraft:white_bed":2,"magistuarmory:rustedgreathelm":3,"biomesoplenty:hanging_cobweb":1,"minecraft:bread":4,"minecraft:iron_pickaxe":213,"minecraft:gravel":3,"minecraft:stone_axe":265,"minecraft:cobblestone":2,"alexsmobs:animal_dictionary":3},"minecraft:crafted":{"minecraft:oak_planks":20,"jet_and_elias_armors:raider_armor_helmet":1,"minecraft:smooth_stone":23,"minecraft:stone_shovel":1,"minecraft:cooked_chicken":1,"minecraft:furnace":4,"minecraft:blast_furnace":1,"minecraft:stone":24,"minecraft:cobblestone_stairs":80,"minecraft:cooked_mutton":7,"magistuarmory:steel_ingot":6,"minecraft:stone_pickaxe":4,"minecraft:chest":1,"minecraft:stone_hoe":1,"minecraft:wheat":18,"minecraft:crafting_table":2,"biomesoplenty:redwood_planks":396,"minecraft:wooden_pickaxe":1,"minecraft:copper_ingot":27,"minecraft:leather_helmet":1,"minecraft:stone_axe":3,"minecraft:bread":9,"minecraft:air":0,"magistuarmory:dragon_decoration":1,"minecraft:stick":24,"minecraft:iron_ingot":19,"minecraft:iron_pickaxe":1,"minecraft:wooden_axe":2,"minecraft:torch":24},"minecraft:mined":{"minecraft:white_bed":3,"minecraft:cobblestone_stairs":2,"farmersdelight:wild_carrots":16,"biomesoplenty:bush":3,"minecraft:allium":1,"minecraft:grass_block":22,"minecraft:redstone_wire":4,"minecraft:spruce_leaves":1,"minecraft:hay_block":2,"farmersdelight:wild_onions":23,"minecraft:furnace":2,"minecraft:iron_ore":27,"minecraft:deepslate_lapis_ore":1,"biomesoplenty:magic_log":23,"biomesoplenty:hanging_cobweb":7,"biomesoplenty:redwood_log":117,"minecraft:stone":281,"minecraft:podzol":15,"minecraft:redstone_block":1,"biomesoplenty:redwood_planks":70,"minecraft:comparator":1,"farmersdelight:organic_compost":6,"biomesoplenty:hanging_cobweb_strand":1,"minecraft:oak_fence":1,"minecraft:crafting_table":6,"minecraft:sculk_sensor":1,"minecraft:stone_slab":1,"minecraft:tall_grass":10,"minecraft:copper_ore":7,"biomesoplenty:huge_clover_petal":4,"farmersdelight:wild_tomatoes":2,"minecraft:sugar_cane":10,"minecraft:oak_planks":3,"minecraft:sculk":2,"minecraft:wall_torch":1,"minecraft:coarse_dirt":1,"biomesoplenty:blue_hydrangea":2,"minecraft:beehive":4,"minecraft:wheat":9,"minecraft:magenta_bed":1,"minecraft:lilac":1,"minecraft:grass":30,"biomesoplenty:clover":10,"minecraft:oak_log":5,"minecraft:coal_ore":47,"biomesoplenty:redwood_leaves":251,"minecraft:gravel":7,"minecraft:dirt":75,"minecraft:oak_leaves":2,"minecraft:fern":3},"minecraft:broken":{"magistuarmory:rustedkettlehat":1,"magistuarmory:corruptedroundshield":1,"minecraft:stone_pickaxe":1,"minecraft:stone_axe":2,"minecraft:wooden_axe":2}},"DataVersion":3120}