{"stats":{"minecraft:broken":{"minecraft:iron_shovel":4,"minecraft:stone_pickaxe":1,"minecraft:stone_axe":2,"minecraft:iron_pickaxe":1,"minecraft:wooden_axe":1,"minecraft:stone_shovel":1},"minecraft:dropped":{"minecraft:iron_helmet":1,"minecraft:dirt":54,"tconstruct:hand_axe":1,"quark:cobbled_deepslate":129,"vampirism:injection_sanguinare":1,"minecraft:bone":1,"minecraft:iron_boots":1,"vampirism:vampire_blood_bottle":4,"vampirism:vampire_fang":1,"medieval_craft_weapons:mighty_stick":1,"spartanweaponry:club_wood":1},"minecraft:picked_up":{"minecraft:crafting_table":3,"tconstruct:crafting_station":1,"minecraft:clay_ball":72,"tconstruct:materials_and_you":1,"farmersdelight:rice_panicle":2,"vampirism:holy_water_bottle_normal":2,"minecraft:string":3,"tconstruct:earth_slime_dirt":5,"minecraft:compass":1,"farmersdelight:cabbage":2,"minecraft:iron_pickaxe":1,"farmersdelight:cabbage_seeds":11,"minecraft:furnace":1,"minecraft:stick":11,"minecraft:oak_door":3,"medieval_craft_weapons:titanite_nugget_1":1,"minecraft:torch":13,"vampirism:vampire_fang":1,"minecraft:arrow":9,"minecraft:rotten_flesh":13,"minecraft:pumpkin_pie":1,"quark:smooth_basalt":4,"minecraft:cobblestone":244,"vampirism:vampire_blood_bottle":4,"vampirism:item_tent":2,"vampirism:med_chair":1,"farmersdelight:rice":9,"tconstruct:greenheart_log":4,"minecraft:potato":24,"biomesoplenty:dead_log":2,"minecraft:flint":15,"minecraft:oak_log":40,"minecraft:gunpowder":7,"minecraft:wooden_hoe":1,"minecraft:map":3,"minecraft:dirt":1240,"minecraft:paper":6,"minecraft:bone":4,"minecraft:glass":1,"minecraft:kelp":44,"minecraft:bow":1,"minecraft:wheat_seeds":12,"vampirism:item_garlic":1,"minecraft:iron_ingot":5,"minecraft:iron_ore":39,"minecraft:oak_planks":9,"vampirism:pure_salt":3,"tconstruct:copper_ore":6,"minecraft:pumpkin":6,"minecraft:sweet_berries":31,"vampirism:fire_place":1,"minecraft:gravel":108,"minecraft:sand":107,"minecraft:spruce_sapling":23,"minecraft:spruce_log":104,"minecraft:spider_eye":1,"minecraft:mossy_cobblestone":9,"quark:cobbled_deepslate":130,"biomesoplenty:maple_sapling":2,"minecraft:pumpkin_seeds":3,"minecraft:purple_bed":1,"minecraft:slime_ball":43,"minecraft:diamond":11,"minecraft:emerald":5,"minecraft:bread":21,"minecraft:coal":125},"minecraft:mined":{"minecraft:diamond_ore":11,"minecraft:mossy_cobblestone":7,"biomesoplenty:dead_leaves":1,"minecraft:grass_block":665,"tconstruct:earth_slime_tall_grass":2,"minecraft:spruce_leaves":27,"minecraft:kelp":14,"minecraft:large_fern":1,"minecraft:furnace":1,"minecraft:iron_ore":39,"minecraft:pumpkin":3,"quark:smooth_basalt":4,"vampirism:tent":2,"tconstruct:earth_earth_slime_grass":3,"tconstruct:earth_slime_leaves":14,"minecraft:packed_ice":40,"minecraft:stone":229,"tconstruct:earth_congealed_slime":8,"tconstruct:copper_ore":6,"minecraft:podzol":4,"minecraft:kelp_plant":5,"minecraft:clay":18,"minecraft:crafting_table":3,"minecraft:torch":7,"tconstruct:greenheart_log":4,"minecraft:cobblestone":12,"minecraft:oak_planks":3,"minecraft:wall_torch":4,"minecraft:purple_bed":1,"minecraft:ice":1,"vampirism:med_chair":1,"minecraft:spruce_log":103,"tconstruct:earth_slime_dirt":2,"biomesoplenty:maple_leaves":59,"quark:deepslate":162,"minecraft:grass_path":1,"biomesoplenty:dead_log":1,"minecraft:grass":30,"minecraft:oak_log":42,"minecraft:coal_ore":64,"vampirism:fire_place":2,"minecraft:gravel":123,"minecraft:sand":107,"minecraft:dirt":487,"tconstruct:crafting_station":1,"minecraft:oak_leaves":1,"minecraft:fern":21},"minecraft:custom":{"minecraft:mob_kills":51,"minecraft:interact_with_crafting_table":29,"minecraft:leave_game":7,"minecraft:time_since_death":22831,"minecraft:climb_one_cm":614,"minecraft:sprint_one_cm":222000,"minecraft:walk_one_cm":526686,"minecraft:drop":17,"minecraft:talked_to_villager":1,"minecraft:deaths":10,"minecraft:sneak_time":7244,"minecraft:walk_under_water_one_cm":32930,"minecraft:jump":1541,"minecraft:interact_with_blast_furnace":11,"minecraft:walk_on_water_one_cm":17144,"minecraft:interact_with_furnace":30,"minecraft:interact_with_cartography_table":2,"minecraft:play_one_minute":229277,"minecraft:sleep_in_bed":9,"minecraft:time_since_rest":19914,"minecraft:damage_taken":3485,"minecraft:damage_dealt":7573,"minecraft:swim_one_cm":39600,"minecraft:fly_one_cm":327932,"minecraft:open_chest":49,"minecraft:crouch_one_cm":18608,"minecraft:fall_one_cm":28083},"minecraft:killed":{"vampirism:vampire":1,"tconstruct:earth_slime":13,"minecraft:spider":7,"minecraft:skeleton":5,"minecraft:salmon":2,"minecraft:creeper":4,"minecraft:zombie":19},"minecraft:killed_by":{"iceandfire:dread_scuttler":1,"minecraft:creeper":1,"iceandfire:dread_ghoul":1,"minecraft:skeleton":2,"minecraft:zombie":3,"vampirism:vampire":2},"minecraft:used":{"minecraft:iron_shovel":1255,"minecraft:stone_shovel":136,"farmersdelight:cabbage_seeds":6,"minecraft:spruce_planks":49,"medieval_craft_weapons:mighty_stick":6,"minecraft:rotten_flesh":4,"minecraft:oak_door":3,"minecraft:torch":16,"minecraft:dirt":1180,"spartanweaponry:club_wood":5,"biomesoplenty:maple_sapling":2,"minecraft:wooden_axe":56,"vampirism:item_tent":2,"quark:spruce_chest":1,"tconstruct:tinker_station":1,"minecraft:sweet_berries":12,"minecraft:furnace":3,"minecraft:potato":6,"tconstruct:part_builder":1,"minecraft:pumpkin":1,"vampirism:fire_place":1,"minecraft:water_bucket":3,"minecraft:stone_pickaxe":131,"minecraft:oak_planks":73,"minecraft:mossy_cobblestone":4,"minecraft:crafting_table":4,"minecraft:blast_furnace":1,"farmersdelight:rice":3,"minecraft:black_bed":1,"minecraft:pumpkin_seeds":3,"minecraft:wooden_hoe":14,"minecraft:bread":21,"minecraft:iron_pickaxe":472,"minecraft:spruce_sapling":9,"minecraft:stone_axe":252,"minecraft:cobblestone":13,"minecraft:purple_bed":1,"tconstruct:crafting_station":2,"minecraft:bucket":3,"quark:oak_chest":1,"vampirism:med_chair":3,"minecraft:kelp":15,"tconstruct:earth_slime_dirt":2},"minecraft:crafted":{"minecraft:brick":40,"minecraft:oak_door":6,"tconstruct:pattern":6,"minecraft:smooth_stone":3,"minecraft:oak_planks":112,"minecraft:stone_shovel":2,"vampirism:injection_garlic":1,"tconstruct:part_builder":1,"minecraft:furnace":2,"tconstruct:repair_kit":1,"minecraft:stone":3,"tconstruct:tool_binding":1,"vampirism:injection_empty":1,"tconstruct:hand_axe":1,"minecraft:glass":24,"minecraft:stone_pickaxe":1,"tconstruct:seared_brick":64,"tconstruct:small_axe_head":1,"medieval_craft_weapons:mighty_stick":1,"biomesoplenty:dead_planks":4,"minecraft:crafting_table":2,"minecraft:spruce_planks":56,"tconstruct:tool_handle":2,"minecraft:stone_axe":4,"minecraft:air":0,"minecraft:wooden_hoe":1,"minecraft:charcoal":8,"tconstruct:crafting_station":1,"minecraft:stick":24,"quark:oak_chest":1,"minecraft:iron_ingot":39,"spartanweaponry:club_wood":1,"minecraft:iron_pickaxe":2,"minecraft:wooden_axe":1,"minecraft:iron_shovel":1,"minecraft:torch":4}},"DataVersion":2586}