{"stats":{"minecraft:picked_up":{"biomesoplenty:redwood_log":121,"minecraft:crafting_table":10,"minecraft:wheat":9,"minecraft:allium":30,"minecraft:redstone_block":3,"minecraft:chicken":2,"minecraft:lead":1,"minecraft:wooden_pickaxe":4,"minecraft:amethyst_block":5,"minecraft:string":4,"minecraft:raw_copper":58,"minecraft:cobbled_deepslate":37,"minecraft:comparator":2,"farmersdelight:cabbage":2,"minecraft:spruce_planks":2,"minecraft:calcite":2,"minecraft:iron_pickaxe":3,"minecraft:sugar_cane":36,"biomesoplenty:hanging_cobweb":4,"farmersdelight:cabbage_seeds":5,"minecraft:furnace":4,"minecraft:beehive":8,"minecraft:stick":18,"minecraft:raw_iron":65,"farmersdelight:rotten_tomato":1,"minecraft:copper_ingot":43,"minecraft:oak_fence":1,"minecraft:torch":96,"minecraft:porkchop":4,"farmersdelight:tomato_seeds":5,"magistuarmory:rustedkettlehat":4,"minecraft:diorite":2,"minecraft:redstone":31,"minecraft:carrot":21,"biomesoplenty:redwood_planks":165,"minecraft:rotten_flesh":14,"minecraft:arrow":32,"biomesoplenty:blue_hydrangea":20,"minecraft:stone_shovel":3,"farmersdelight:onion":62,"minecraft:hay_block":4,"biomesoplenty:redwood_sapling":32,"minecraft:mutton":7,"minecraft:white_wool":15,"minecraft:cobblestone":413,"farmersdelight:rice":4,"minecraft:glow_ink_sac":25,"minecraft:leather":24,"minecraft:red_mushroom":3,"minecraft:potato":1,"alexsmobs:bear_fur":1,"minecraft:flint":6,"minecraft:tuff":7,"minecraft:oak_log":5,"minecraft:magenta_bed":1,"minecraft:gunpowder":15,"minecraft:cobblestone_stairs":70,"minecraft:lapis_lazuli":24,"farmersdelight:tomato":6,"minecraft:dirt":412,"farmersdelight:organic_compost":12,"minecraft:cooked_mutton":6,"minecraft:bone":28,"minecraft:bow":6,"minecraft:wheat_seeds":56,"minecraft:raw_gold":7,"minecraft:iron_ingot":12,"minecraft:stone_pickaxe":10,"biomesoplenty:magic_log":39,"minecraft:stone_hoe":1,"minecraft:oak_planks":33,"biomesoplenty:magic_sapling":3,"minecraft:smooth_basalt":2,"magistuarmory:rustedchainmail_chestplate":5,"jet_and_elias_armors:raider_armor_helmet":4,"minecraft:gravel":12,"minecraft:amethyst_shard":24,"magistuarmory:rustednorman_helmet":2,"magistuarmory:steel_pavese":2,"minecraft:white_bed":2,"magistuarmory:rustedchainmail_leggings":1,"magistuarmory:rustedgreathelm":5,"alexsmobs:animal_dictionary":2,"minecraft:diamond":4,"minecraft:stone_axe":6,"magistuarmory:rusted_bastardsword":1,"magistuarmory:corruptedroundshield":3,"minecraft:granite":1,"minecraft:gray_wool":4,"minecraft:emerald":8,"minecraft:bread":5,"alexsmobs:banana_slug_slime":1,"alexsmobs:maggot":6,"minecraft:coal":50},"minecraft:killed_by":{"minecraft:creeper":3,"minecraft:spider":2,"minecraft:trader_llama":1,"minecraft:warden":2,"minecraft:skeleton":15,"minecraft:zombie":15},"minecraft:killed":{"alexsmobs:raccoon":1,"minecraft:spider":3,"minecraft:skeleton":4,"minecraft:horse":8,"alexsmobs:banana_slug":1,"minecraft:chicken":1,"minecraft:pig":1,"alexsmobs:grizzly_bear":1,"minecraft:creeper":2,"minecraft:sheep":5,"minecraft:zombie":9,"alexsmobs:cockroach":1,"alexsmobs:fly":4,"minecraft:cow":2},"minecraft:dropped":{"minecraft:wheat_seeds":2,"minecraft:oak_fence":1,"minecraft:cobblestone":8,"minecraft:torch":9,"magistuarmory:rusted_bastardsword":1,"farmersdelight:onion":3,"minecraft:iron_pickaxe":1,"minecraft:white_wool":3,"minecraft:gravel":6,"minecraft:furnace":1,"minecraft:stone_axe":1,"biomesoplenty:redwood_sapling":2,"farmersdelight:cabbage":1,"minecraft:rotten_flesh":4,"alexsmobs:bear_fur":1,"biomesoplenty:blue_hydrangea":2,"minecraft:wooden_pickaxe":1,"farmersdelight:tomato":2},"minecraft:custom":{"minecraft:mob_kills":50,"minecraft:interact_with_crafting_table":53,"minecraft:eat_cake_slice":7,"minecraft:leave_game":12,"minecraft:time_since_death":273,"minecraft:sprint_one_cm":394516,"minecraft:walk_one_cm":508830,"minecraft:damage_blocked_by_shield":318,"minecraft:drop":26,"minecraft:talked_to_villager":3,"minecraft:play_time":251609,"minecraft:sneak_time":23996,"minecraft:deaths":41,"minecraft:walk_under_water_one_cm":7133,"minecraft:jump":3094,"minecraft:interact_with_blast_furnace":11,"minecraft:walk_on_water_one_cm":24146,"minecraft:total_world_time":251609,"minecraft:interact_with_furnace":50,"minecraft:traded_with_villager":1,"minecraft:sleep_in_bed":8,"minecraft:time_since_rest":307,"minecraft:damage_taken":12350,"minecraft:damage_dealt":7942,"minecraft:player_kills":2,"minecraft:swim_one_cm":9900,"minecraft:fly_one_cm":412209,"minecraft:open_chest":26,"minecraft:crouch_one_cm":67088,"minecraft:fall_one_cm":95849},"minecraft:used":{"magistuarmory:corruptedroundshield":5,"minecraft:stone_shovel":30,"biomesoplenty:redwood_planks":405,"farmersdelight:cabbage_seeds":4,"minecraft:chest":1,"minecraft:stone":1,"minecraft:cooked_chicken":1,"minecraft:stone_hoe":7,"minecraft:torch":8,"minecraft:dirt":82,"minecraft:carrot":25,"magistuarmory:steel_pavese":2,"minecraft:beehive":2,"biomesoplenty:redwood_log":17,"minecraft:wooden_axe":114,"farmersdelight:tomato":3,"minecraft:bow":2,"magistuarmory:rustedkettlehat":1,"minecraft:furnace":4,"magistuarmory:rusted_bastardsword":1,"farmersdelight:tomato_seeds":3,"minecraft:cobbled_deepslate":4,"minecraft:cooked_mutton":7,"magistuarmory:rustedchainmail_chestplate":2,"minecraft:cobblestone_stairs":63,"biomesoplenty:magic_log":7,"minecraft:stone_pickaxe":303,"biomesoplenty:redwood_sapling":19,"minecraft:oak_planks":4,"minecraft:wooden_pickaxe":21,"jet_and_elias_armors:raider_armor_helmet":1,"farmersdelight:onion":12,"simplyswords:iron_chakram":25,"minecraft:crafting_table":8,"minecraft:magenta_bed":1,"minecraft:blast_furnace":1,"minecraft:white_bed":2,"magistuarmory:rustedgreathelm":3,"biomesoplenty:hanging_cobweb":1,"minecraft:bread":4,"minecraft:iron_pickaxe":336,"minecraft:gravel":3,"minecraft:stone_axe":265,"minecraft:cobblestone":2,"magistuarmory:copper_heavymace":3,"alexsmobs:animal_dictionary":3,"minecraft:bone_meal":14},"minecraft:crafted":{"jet_and_elias_armors:raider_armor_helmet":1,"minecraft:smooth_stone":23,"minecraft:oak_planks":20,"minecraft:stone_shovel":1,"minecraft:iron_nugget":9,"minecraft:cooked_chicken":1,"minecraft:furnace":4,"minecraft:blast_furnace":1,"minecraft:cobblestone_stairs":80,"minecraft:stone":24,"minecraft:bone_meal":24,"minecraft:cooked_mutton":7,"magistuarmory:hilt":1,"magistuarmory:steel_ingot":6,"minecraft:stone_pickaxe":5,"magistuarmory:steel_pavese":1,"minecraft:chest":1,"minecraft:stone_hoe":1,"minecraft:wheat":18,"farmersdelight:tomato_seeds":2,"minecraft:crafting_table":2,"simplyswords:iron_chakram":1,"biomesoplenty:redwood_planks":412,"minecraft:wooden_pickaxe":1,"minecraft:copper_ingot":54,"minecraft:leather_helmet":1,"minecraft:stone_axe":3,"minecraft:bread":9,"minecraft:air":0,"magistuarmory:dragon_decoration":1,"magistuarmory:wood_pavese":1,"minecraft:stick":28,"minecraft:iron_ingot":29,"minecraft:iron_pickaxe":1,"minecraft:wooden_axe":2,"minecraft:torch":24,"magistuarmory:leather_strip":12,"magistuarmory:copper_heavymace":1},"minecraft:mined":{"minecraft:tuff":7,"minecraft:white_bed":3,"minecraft:deepslate_diamond_ore":4,"minecraft:cobblestone_stairs":2,"farmersdelight:wild_carrots":16,"minecraft:granite":6,"biomesoplenty:bush":3,"minecraft:allium":1,"minecraft:grass_block":23,"minecraft:redstone_wire":4,"minecraft:spruce_leaves":2,"minecraft:hay_block":2,"farmersdelight:wild_onions":23,"minecraft:redstone_ore":1,"minecraft:carrots":1,"minecraft:sculk_catalyst":2,"minecraft:furnace":2,"minecraft:iron_ore":35,"minecraft:andesite":1,"minecraft:deepslate_lapis_ore":1,"biomesoplenty:magic_log":23,"biomesoplenty:hanging_cobweb":7,"minecraft:sculk_shrieker":1,"minecraft:deepslate_iron_ore":6,"biomesoplenty:redwood_log":117,"minecraft:stone":287,"minecraft:podzol":15,"minecraft:deepslate_redstone_ore":3,"biomesoplenty:redwood_planks":70,"minecraft:redstone_block":1,"minecraft:comparator":1,"farmersdelight:organic_compost":6,"minecraft:amethyst_cluster":6,"biomesoplenty:hanging_cobweb_strand":1,"minecraft:oak_fence":1,"minecraft:crafting_table":6,"minecraft:torch":1,"minecraft:calcite":2,"minecraft:sculk_sensor":3,"minecraft:stone_slab":1,"farmersdelight:cabbages":2,"minecraft:copper_ore":15,"minecraft:tall_grass":16,"minecraft:deepslate_gold_ore":7,"farmersdelight:wild_tomatoes":2,"biomesoplenty:huge_clover_petal":4,"minecraft:sugar_cane":10,"minecraft:oak_planks":3,"minecraft:sculk":16,"minecraft:diorite":1,"minecraft:wall_torch":1,"minecraft:amethyst_block":5,"minecraft:coarse_dirt":1,"biomesoplenty:blue_hydrangea":2,"minecraft:beehive":4,"minecraft:wheat":9,"minecraft:magenta_bed":1,"minecraft:lilac":1,"minecraft:grass":46,"biomesoplenty:clover":10,"minecraft:oak_log":5,"minecraft:coal_ore":49,"biomesoplenty:redwood_leaves":251,"minecraft:gravel":7,"minecraft:dirt":76,"biomesoplenty:stringy_cobweb":2,"minecraft:smooth_basalt":2,"minecraft:deepslate":38,"minecraft:oak_leaves":2,"minecraft:fern":3},"minecraft:broken":{"magistuarmory:rustedkettlehat":1,"magistuarmory:corruptedroundshield":1,"minecraft:stone_pickaxe":2,"minecraft:stone_axe":2,"minecraft:wooden_axe":2}},"DataVersion":3120}