{"stats":{"minecraft:custom":{"minecraft:time_since_rest":13548,"minecraft:sprint_one_cm":50465,"minecraft:damage_taken":250,"minecraft:walk_one_cm":47418,"minecraft:talked_to_villager":1,"minecraft:interact_with_crafting_table":4,"minecraft:swim_one_cm":2772,"minecraft:interact_with_cartography_table":2,"minecraft:fly_one_cm":74025,"minecraft:open_chest":11,"minecraft:crouch_one_cm":1,"minecraft:play_one_minute":49341,"minecraft:sneak_time":58,"minecraft:walk_under_water_one_cm":1224,"minecraft:jump":317,"minecraft:interact_with_blast_furnace":1,"minecraft:leave_game":2,"minecraft:walk_on_water_one_cm":391,"minecraft:time_since_death":49341,"minecraft:sleep_in_bed":1,"minecraft:climb_one_cm":614,"minecraft:fall_one_cm":8128},"minecraft:picked_up":{"minecraft:sweet_berries":3,"minecraft:pumpkin":3,"biomesoplenty:dead_log":1,"minecraft:oak_log":21,"vampirism:vampire_fang":1,"minecraft:dirt":4,"minecraft:kelp":5,"minecraft:oak_planks":1},"minecraft:crafted":{"minecraft:oak_planks":36,"minecraft:crafting_table":1,"minecraft:spruce_planks":52,"minecraft:stick":4,"minecraft:iron_pickaxe":1,"minecraft:wooden_axe":1},"minecraft:used":{"minecraft:wooden_axe":47,"minecraft:bread":4,"minecraft:oak_planks":31,"minecraft:spruce_planks":49,"minecraft:sweet_berries":5,"minecraft:crafting_table":1},"minecraft:mined":{"minecraft:large_fern":1,"minecraft:kelp_plant":1,"biomesoplenty:maple_leaves":28,"minecraft:pumpkin":3,"minecraft:grass_path":1,"biomesoplenty:dead_leaves":1,"minecraft:grass":2,"biomesoplenty:dead_log":1,"minecraft:grass_block":2,"minecraft:oak_log":21,"minecraft:dirt":1,"minecraft:spruce_leaves":3,"minecraft:oak_planks":1,"minecraft:kelp":2,"minecraft:fern":1}},"DataVersion":2586}