{"stats":{"minecraft:used":{"minecraft:wooden_sword":7,"minecraft:crafting_table":1},"minecraft:crafted":{"minecraft:wooden_sword":1,"minecraft:oak_planks":10,"minecraft:crafting_table":1,"minecraft:stick":4},"minecraft:mined":{"minecraft:oak_log":5,"minecraft:spruce_log":6,"minecraft:crafting_table":1},"minecraft:picked_up":{"minecraft:crafting_table":1,"minecraft:oak_log":5,"minecraft:spruce_log":4},"minecraft:custom":{"minecraft:time_since_rest":6379,"minecraft:crouch_one_cm":585,"minecraft:play_time":6379,"minecraft:sprint_one_cm":8380,"minecraft:damage_taken":30,"minecraft:walk_one_cm":6949,"minecraft:sneak_time":152,"minecraft:jump":78,"minecraft:leave_game":1,"minecraft:time_since_death":6379,"minecraft:total_world_time":6379,"minecraft:fall_one_cm":3365,"minecraft:interact_with_crafting_table":2,"minecraft:fly_one_cm":15087}},"DataVersion":3120}