{"stats":{"minecraft:picked_up":{"minecraft:crafting_table":4,"minecraft:allium":30,"minecraft:chicken":2,"minecraft:wooden_pickaxe":2,"minecraft:oak_log":5,"minecraft:dirt":58,"minecraft:bone":2,"minecraft:wheat_seeds":4,"minecraft:stone_pickaxe":1,"biomesoplenty:magic_log":39,"minecraft:sugar_cane":12,"minecraft:oak_planks":25,"minecraft:furnace":2,"biomesoplenty:magic_sapling":3,"minecraft:stick":4,"minecraft:porkchop":4,"minecraft:carrot":8,"alexsmobs:animal_dictionary":2,"biomesoplenty:blue_hydrangea":6,"minecraft:arrow":2,"minecraft:rotten_flesh":6,"minecraft:stone_axe":3,"farmersdelight:onion":38,"minecraft:gray_wool":4,"alexsmobs:maggot":6,"minecraft:mutton":2,"minecraft:cobblestone":22},"minecraft:used":{"minecraft:cooked_mutton":1,"biomesoplenty:magic_log":7,"minecraft:stone_pickaxe":25,"minecraft:oak_planks":3,"minecraft:wooden_pickaxe":13,"minecraft:cooked_chicken":1,"farmersdelight:onion":12,"minecraft:dirt":3,"minecraft:crafting_table":2,"minecraft:carrot":11,"minecraft:stone_axe":52,"minecraft:furnace":1,"alexsmobs:animal_dictionary":3},"minecraft:killed":{"minecraft:pig":1,"alexsmobs:raccoon":1,"minecraft:sheep":1,"minecraft:skeleton":1,"minecraft:chicken":1,"alexsmobs:fly":1},"minecraft:custom":{"minecraft:interact_with_furnace":7,"minecraft:mob_kills":6,"minecraft:interact_with_crafting_table":5,"minecraft:leave_game":3,"minecraft:time_since_death":4163,"minecraft:sleep_in_bed":1,"minecraft:time_since_rest":4189,"minecraft:sprint_one_cm":87698,"minecraft:damage_taken":1188,"minecraft:walk_one_cm":50649,"minecraft:drop":5,"minecraft:damage_dealt":794,"minecraft:swim_one_cm":103,"minecraft:fly_one_cm":133482,"minecraft:player_kills":2,"minecraft:crouch_one_cm":71,"minecraft:play_time":33417,"minecraft:deaths":3,"minecraft:sneak_time":11,"minecraft:walk_under_water_one_cm":536,"minecraft:jump":670,"minecraft:walk_on_water_one_cm":1033,"minecraft:total_world_time":33417,"minecraft:fall_one_cm":19480},"minecraft:killed_by":{"minecraft:skeleton":2,"minecraft:zombie":1},"minecraft:crafted":{"minecraft:oak_planks":20,"minecraft:crafting_table":1,"minecraft:wooden_pickaxe":1,"minecraft:cooked_chicken":1,"minecraft:furnace":1,"minecraft:stone_axe":1,"minecraft:cooked_mutton":2,"minecraft:air":0,"minecraft:stick":4,"minecraft:stone_pickaxe":1},"minecraft:mined":{"farmersdelight:wild_carrots":6,"minecraft:crafting_table":2,"biomesoplenty:bush":2,"minecraft:allium":1,"minecraft:grass_block":12,"biomesoplenty:huge_clover_petal":4,"minecraft:oak_planks":3,"minecraft:sugar_cane":3,"farmersdelight:wild_onions":16,"minecraft:furnace":1,"biomesoplenty:blue_hydrangea":2,"biomesoplenty:magic_log":23,"minecraft:grass":4,"biomesoplenty:clover":9,"minecraft:oak_log":5,"minecraft:dirt":17,"minecraft:stone":22,"minecraft:oak_leaves":2},"minecraft:dropped":{"minecraft:stone_axe":1,"minecraft:cobblestone":8,"farmersdelight:onion":3}},"DataVersion":3120}