{"stats":{"minecraft:killed_by":{"iceandfire:dread_scuttler":1,"minecraft:creeper":1,"iceandfire:dread_ghoul":1,"minecraft:skeleton":2,"minecraft:zombie":1,"vampirism:vampire":2},"minecraft:broken":{"minecraft:iron_shovel":1,"minecraft:stone_pickaxe":1,"minecraft:stone_axe":2,"minecraft:iron_pickaxe":1,"minecraft:wooden_axe":1},"minecraft:custom":{"minecraft:mob_kills":36,"minecraft:interact_with_crafting_table":29,"minecraft:leave_game":5,"minecraft:time_since_death":1542,"minecraft:climb_one_cm":614,"minecraft:sprint_one_cm":176851,"minecraft:walk_one_cm":310713,"minecraft:drop":9,"minecraft:talked_to_villager":1,"minecraft:deaths":8,"minecraft:sneak_time":1851,"minecraft:walk_under_water_one_cm":29071,"minecraft:jump":1213,"minecraft:interact_with_blast_furnace":1,"minecraft:walk_on_water_one_cm":13983,"minecraft:interact_with_furnace":16,"minecraft:interact_with_cartography_table":2,"minecraft:play_one_minute":153786,"minecraft:sleep_in_bed":6,"minecraft:time_since_rest":1406,"minecraft:damage_taken":2720,"minecraft:damage_dealt":4794,"minecraft:swim_one_cm":27523,"minecraft:fly_one_cm":266864,"minecraft:open_chest":24,"minecraft:crouch_one_cm":2419,"minecraft:fall_one_cm":23632},"minecraft:picked_up":{"tconstruct:crafting_station":1,"minecraft:crafting_table":3,"minecraft:clay_ball":72,"tconstruct:materials_and_you":1,"vampirism:holy_water_bottle_normal":2,"minecraft:string":1,"tconstruct:earth_slime_dirt":5,"minecraft:compass":1,"minecraft:iron_pickaxe":1,"farmersdelight:cabbage_seeds":6,"minecraft:stick":9,"minecraft:oak_door":3,"vampirism:vampire_fang":1,"minecraft:arrow":4,"minecraft:rotten_flesh":9,"quark:smooth_basalt":3,"minecraft:pumpkin_pie":1,"minecraft:cobblestone":209,"vampirism:vampire_blood_bottle":4,"vampirism:item_tent":2,"vampirism:med_chair":1,"farmersdelight:rice":9,"tconstruct:greenheart_log":4,"biomesoplenty:dead_log":2,"minecraft:potato":24,"minecraft:oak_log":36,"minecraft:gunpowder":3,"minecraft:wooden_hoe":1,"minecraft:map":3,"minecraft:dirt":295,"minecraft:paper":6,"minecraft:bone":1,"minecraft:glass":1,"minecraft:kelp":44,"minecraft:wheat_seeds":5,"vampirism:item_garlic":1,"minecraft:iron_ingot":1,"minecraft:iron_ore":31,"minecraft:oak_planks":9,"vampirism:pure_salt":3,"tconstruct:copper_ore":6,"minecraft:pumpkin":6,"minecraft:sweet_berries":24,"vampirism:fire_place":1,"minecraft:gravel":2,"minecraft:sand":13,"minecraft:spruce_sapling":22,"minecraft:spruce_log":103,"minecraft:mossy_cobblestone":9,"quark:cobbled_deepslate":128,"biomesoplenty:maple_sapling":2,"minecraft:pumpkin_seeds":3,"minecraft:purple_bed":1,"minecraft:slime_ball":43,"minecraft:diamond":11,"minecraft:emerald":5,"minecraft:bread":21,"minecraft:coal":64},"minecraft:mined":{"minecraft:diamond_ore":11,"minecraft:mossy_cobblestone":7,"biomesoplenty:dead_leaves":1,"minecraft:grass_block":220,"tconstruct:earth_slime_tall_grass":2,"minecraft:spruce_leaves":27,"minecraft:kelp":14,"minecraft:large_fern":1,"minecraft:iron_ore":31,"minecraft:pumpkin":3,"quark:smooth_basalt":3,"vampirism:tent":2,"tconstruct:earth_earth_slime_grass":3,"tconstruct:earth_slime_leaves":14,"minecraft:packed_ice":40,"minecraft:stone":195,"tconstruct:earth_congealed_slime":8,"tconstruct:copper_ore":6,"minecraft:podzol":1,"minecraft:kelp_plant":5,"minecraft:clay":18,"minecraft:crafting_table":3,"tconstruct:greenheart_log":4,"minecraft:cobblestone":11,"minecraft:oak_planks":3,"minecraft:purple_bed":1,"minecraft:ice":1,"vampirism:med_chair":1,"minecraft:spruce_log":103,"tconstruct:earth_slime_dirt":2,"biomesoplenty:maple_leaves":57,"quark:deepslate":152,"minecraft:grass_path":1,"biomesoplenty:dead_log":1,"minecraft:grass":23,"minecraft:coal_ore":64,"minecraft:oak_log":36,"vampirism:fire_place":2,"minecraft:gravel":2,"minecraft:sand":13,"minecraft:dirt":42,"tconstruct:crafting_station":1,"minecraft:oak_leaves":1,"minecraft:fern":15},"minecraft:used":{"minecraft:iron_shovel":262,"minecraft:stone_shovel":32,"farmersdelight:cabbage_seeds":6,"minecraft:spruce_planks":49,"medieval_craft_weapons:mighty_stick":6,"minecraft:oak_door":2,"minecraft:dirt":136,"spartanweaponry:club_wood":5,"biomesoplenty:maple_sapling":2,"minecraft:wooden_axe":56,"vampirism:item_tent":2,"tconstruct:tinker_station":1,"minecraft:sweet_berries":8,"minecraft:furnace":2,"minecraft:potato":6,"tconstruct:part_builder":1,"minecraft:pumpkin":1,"vampirism:fire_place":1,"minecraft:stone_pickaxe":131,"minecraft:oak_planks":73,"minecraft:mossy_cobblestone":4,"minecraft:crafting_table":4,"minecraft:black_bed":1,"minecraft:pumpkin_seeds":3,"minecraft:wooden_hoe":14,"minecraft:bread":21,"minecraft:iron_pickaxe":417,"minecraft:spruce_sapling":8,"minecraft:stone_axe":252,"minecraft:cobblestone":13,"minecraft:purple_bed":1,"tconstruct:crafting_station":2,"quark:oak_chest":1,"vampirism:med_chair":2,"minecraft:kelp":15,"tconstruct:earth_slime_dirt":2},"minecraft:crafted":{"minecraft:brick":25,"minecraft:oak_door":6,"tconstruct:pattern":6,"minecraft:oak_planks":112,"minecraft:stone_shovel":2,"tconstruct:part_builder":1,"minecraft:furnace":2,"tconstruct:repair_kit":1,"tconstruct:tool_binding":1,"tconstruct:hand_axe":1,"minecraft:glass":5,"minecraft:stone_pickaxe":1,"tconstruct:small_axe_head":1,"medieval_craft_weapons:mighty_stick":1,"biomesoplenty:dead_planks":4,"minecraft:crafting_table":2,"minecraft:spruce_planks":56,"tconstruct:tool_handle":2,"minecraft:stone_axe":4,"minecraft:air":0,"minecraft:wooden_hoe":1,"minecraft:charcoal":8,"tconstruct:crafting_station":1,"minecraft:stick":24,"quark:oak_chest":1,"minecraft:iron_ingot":3,"spartanweaponry:club_wood":1,"minecraft:iron_pickaxe":2,"minecraft:wooden_axe":1,"minecraft:iron_shovel":1,"minecraft:torch":4},"minecraft:killed":{"vampirism:vampire":1,"tconstruct:earth_slime":13,"minecraft:spider":3,"minecraft:skeleton":3,"minecraft:salmon":2,"minecraft:creeper":2,"minecraft:zombie":12},"minecraft:dropped":{"vampirism:injection_sanguinare":1,"minecraft:bone":1,"vampirism:vampire_blood_bottle":4,"vampirism:vampire_fang":1,"medieval_craft_weapons:mighty_stick":1,"spartanweaponry:club_wood":1}},"DataVersion":2586}