{"stats":{"minecraft:broken":{"minecraft:iron_shovel":5,"minecraft:stone_pickaxe":1,"minecraft:stone_axe":3,"minecraft:wooden_axe":1,"minecraft:stone_shovel":1,"iceandfire:earplugs":1,"minecraft:iron_axe":1,"minecraft:iron_pickaxe":2},"minecraft:dropped":{"minecraft:brown_mushroom":2,"minecraft:cooked_beef":1,"minecraft:glass_bottle":23,"minecraft:leather":1,"iceandfire:gorgon_head":2,"minecraft:dirt":55,"iceandfire:sea_serpent_scales_red":6,"iceandfire:blindfold":1,"quark:cobbled_deepslate":129,"vampirism:injection_sanguinare":1,"minecraft:iron_pickaxe":1,"minecraft:bone":1,"minecraft:rotten_flesh":3,"minecraft:oak_planks":2,"vampirism:blood_bottle":4,"minecraft:poppy":3,"vampirism:vampire_blood_bottle":4,"vampirism:vampire_fang":1,"minecraft:iron_ore":26,"vampirism:blood_bucket":1,"minecraft:wheat_seeds":4,"minecraft:iron_helmet":1,"minecraft:cobblestone":22,"minecraft:chainmail_helmet":1,"tconstruct:hand_axe":1,"minecraft:wooden_hoe":1,"minecraft:torch":1,"vampirism:altar_inspiration":1,"minecraft:white_banner":1,"minecraft:bucket":12,"minecraft:spruce_sapling":1,"minecraft:dandelion":1,"iceandfire:earplugs":1,"minecraft:iron_boots":1,"minecraft:spruce_fence":2,"minecraft:glass_pane":15,"medieval_craft_weapons:mighty_stick":1,"spartanweaponry:club_wood":1,"minecraft:spider_eye":3,"minecraft:stone_bricks":1,"iceandfire:sea_serpent_fang":6},"minecraft:picked_up":{"minecraft:iron_chestplate":1,"iceandfire:copper_ore":2,"farmersdelight:rice_panicle":6,"minecraft:stone_brick_stairs":1,"vampirism:holy_water_bottle_normal":2,"minecraft:string":10,"iceandfire:sea_serpent_scales_teal":44,"tconstruct:earth_slime_dirt":5,"vampirism:blood_bucket":1,"iceandfire:sea_serpent_scales_bronze":7,"farmersdelight:cabbage":5,"minecraft:bucket":1,"minecraft:spruce_planks":40,"minecraft:iron_pickaxe":3,"farmersdelight:cabbage_seeds":16,"minecraft:furnace":1,"minecraft:stick":24,"minecraft:torch":14,"minecraft:spruce_stairs":1,"minecraft:porkchop":7,"vampirism:vampire_fang":1,"vampirism:hunter_table":2,"vampirism:blood_bottle":3,"minecraft:rotten_flesh":37,"minecraft:cobblestone":325,"vampirism:med_chair":1,"farmersdelight:rice":9,"tconstruct:greenheart_log":4,"minecraft:potato":24,"biomesoplenty:dead_log":2,"vampirism:stake":1,"minecraft:flint":15,"minecraft:map":3,"minecraft:dirt":1241,"minecraft:glass":1,"minecraft:bone":8,"minecraft:bow":1,"minecraft:wheat_seeds":15,"vampirism:item_garlic":7,"minecraft:oak_planks":16,"minecraft:sand":107,"minecraft:mossy_cobblestone":9,"quark:cobbled_deepslate":130,"minecraft:diamond":11,"minecraft:crossbow":1,"minecraft:bread":21,"minecraft:emerald":5,"iceandfire:gorgon_head":2,"tconstruct:crafting_station":1,"minecraft:crafting_table":3,"minecraft:clay_ball":72,"minecraft:brown_mushroom":2,"tconstruct:materials_and_you":1,"tconstruct:skyroot_log":8,"iceandfire:sea_serpent_scales_blue":4,"minecraft:compass":1,"minecraft:beef":2,"minecraft:poppy":6,"minecraft:oak_door":3,"medieval_craft_weapons:titanite_nugget_1":5,"minecraft:spruce_fence":2,"tconstruct:sky_slime_ball":56,"minecraft:arrow":19,"iceandfire:sea_serpent_scales_purple":5,"quark:smooth_basalt":4,"minecraft:pumpkin_pie":1,"vampirism:altar_inspiration":1,"minecraft:mutton":6,"minecraft:skeleton_skull":1,"vampirism:vampire_blood_bottle":4,"iceandfire:sea_serpent_fang":54,"vampirism:item_tent":2,"minecraft:leather":3,"minecraft:oak_log":40,"minecraft:gunpowder":9,"minecraft:wooden_hoe":1,"minecraft:paper":6,"minecraft:white_banner":1,"minecraft:stone_bricks":1,"minecraft:kelp":44,"minecraft:iron_ingot":8,"minecraft:iron_ore":65,"minecraft:glass_bottle":11,"iceandfire:sea_serpent_scales_deepblue":13,"minecraft:iron_sword":1,"minecraft:book":30,"vampirism:pure_salt":3,"tconstruct:copper_ore":6,"minecraft:sweet_berries":45,"minecraft:pumpkin":6,"iceandfire:sea_serpent_scales_green":2,"vampirism:fire_place":1,"minecraft:dandelion":1,"minecraft:gravel":108,"minecraft:spruce_sapling":33,"minecraft:blast_furnace":2,"minecraft:spruce_log":233,"minecraft:spider_eye":3,"minecraft:pumpkin_seeds":3,"biomesoplenty:maple_sapling":2,"minecraft:purple_bed":1,"minecraft:slime_ball":43,"minecraft:stone_axe":1,"iceandfire:sea_serpent_scales_red":6,"minecraft:coal":125,"minecraft:ender_pearl":1},"minecraft:mined":{"minecraft:spruce_planks":40,"biomesoplenty:dead_leaves":1,"tconstruct:earth_slime_tall_grass":4,"minecraft:grass_block":666,"vampirism:hunter_table":2,"minecraft:iron_ore":39,"minecraft:pumpkin":3,"vampirism:tent":2,"tconstruct:earth_slime_leaves":15,"minecraft:brown_mushroom":2,"minecraft:kelp_plant":5,"minecraft:clay":18,"minecraft:torch":8,"minecraft:blast_furnace":2,"tconstruct:greenheart_log":10,"minecraft:poppy":6,"minecraft:cobblestone":25,"minecraft:oak_planks":8,"minecraft:wall_torch":7,"minecraft:skeleton_skull":1,"minecraft:seagrass":1,"vampirism:med_chair":1,"tconstruct:earth_slime_dirt":2,"biomesoplenty:maple_leaves":59,"minecraft:stone_brick_stairs":1,"minecraft:grass":34,"biomesoplenty:dead_log":1,"minecraft:oak_log":42,"minecraft:sand":107,"minecraft:dirt":488,"tconstruct:crafting_station":1,"minecraft:oak_leaves":1,"minecraft:diamond_ore":11,"minecraft:mossy_cobblestone":7,"vampirism:altar_inspiration":1,"minecraft:spruce_fence":2,"minecraft:spruce_leaves":85,"minecraft:kelp":14,"minecraft:large_fern":2,"minecraft:oak_trapdoor":1,"minecraft:spruce_sapling":2,"minecraft:furnace":1,"iceandfire:copper_ore":2,"quark:smooth_basalt":4,"minecraft:bookshelf":10,"tconstruct:earth_earth_slime_grass":3,"minecraft:vine":1,"minecraft:packed_ice":40,"tconstruct:earth_congealed_slime":9,"minecraft:stone":297,"tconstruct:copper_ore":6,"minecraft:podzol":4,"tconstruct:sky_slime_tall_grass":1,"minecraft:dandelion":1,"minecraft:crafting_table":3,"minecraft:spruce_stairs":1,"tconstruct:sky_slime_leaves":1,"minecraft:purple_bed":1,"minecraft:sweet_berry_bush":1,"minecraft:ice":1,"minecraft:spruce_log":233,"tconstruct:skyroot_log":8,"minecraft:grass_path":1,"quark:deepslate":162,"vampirism:garlic":4,"minecraft:coal_ore":64,"vampirism:fire_place":2,"minecraft:gravel":123,"minecraft:cobweb":3,"minecraft:stone_bricks":2,"minecraft:fern":21,"tconstruct:sky_congealed_slime":14},"minecraft:custom":{"minecraft:interact_with_crafting_table":33,"minecraft:leave_game":7,"minecraft:time_since_death":1909,"minecraft:sprint_one_cm":412971,"minecraft:drop":67,"minecraft:talked_to_villager":3,"minecraft:deaths":56,"minecraft:jump":2859,"minecraft:walk_on_water_one_cm":52340,"minecraft:interact_with_furnace":35,"minecraft:interact_with_cartography_table":2,"minecraft:play_one_minute":367277,"minecraft:sleep_in_bed":13,"minecraft:damage_dealt":26343,"minecraft:player_kills":1,"minecraft:crouch_one_cm":30241,"minecraft:mob_kills":136,"minecraft:damage_dealt_resisted":230,"minecraft:climb_one_cm":614,"minecraft:walk_one_cm":975791,"minecraft:sneak_time":10717,"minecraft:walk_under_water_one_cm":85033,"minecraft:interact_with_blast_furnace":13,"minecraft:interact_with_grindstone":1,"minecraft:time_since_rest":1939,"minecraft:damage_taken":2147483647,"minecraft:trigger_trapped_chest":3,"minecraft:fly_one_cm":591411,"minecraft:swim_one_cm":64835,"minecraft:open_chest":99,"minecraft:fall_one_cm":55089},"minecraft:killed":{"tconstruct:earth_slime":22,"vampirism:vampire":1,"vampirism:advanced_vampire":1,"minecraft:spider":11,"iceandfire:gorgon":1,"minecraft:skeleton":11,"medieval_craft_weapons:soldier":6,"minecraft:zombie_villager":1,"minecraft:salmon":2,"minecraft:creeper":5,"minecraft:pillager":2,"minecraft:zombie":48,"minecraft:stray":1,"iceandfire:sea_serpent":7,"medieval_craft_weapons:archer":7,"minecraft:drowned":2,"iceandfire:ghost":3,"minecraft:enderman":1},"minecraft:killed_by":{"vampirism:advanced_vampire":1,"minecraft:creeper":1,"iceandfire:siren":2,"minecraft:pillager":1,"iceandfire:dread_ghoul":1,"iceandfire:sea_serpent":13,"medieval_craft_weapons:archer":1,"minecraft:zombie":3,"vampirism:vampire":3,"medieval_craft_weapons:knight":2,"medieval_craft_weapons:soldier":9,"minecraft:player":2,"iceandfire:dread_scuttler":1,"minecraft:stray":1,"minecraft:spider":2,"minecraft:enderman":1,"minecraft:iron_golem":2,"iceandfire:gorgon":3,"minecraft:skeleton":5,"iceandfire:ghost":2},"minecraft:used":{"minecraft:iron_shovel":1260,"farmersdelight:cabbage_seeds":6,"minecraft:poppy":3,"farmersdelight:cabbage":5,"minecraft:iron_sword":177,"medieval_craft_weapons:mighty_stick":6,"minecraft:rotten_flesh":9,"vampirism:item_tent":2,"minecraft:bow":71,"minecraft:sweet_berries":22,"minecraft:furnace":3,"minecraft:potato":6,"minecraft:stone_pickaxe":131,"minecraft:oak_planks":78,"minecraft:blast_furnace":1,"minecraft:crossbow":3,"vampirism:stake":43,"farmersdelight:rice":3,"minecraft:black_bed":1,"minecraft:pumpkin_seeds":3,"minecraft:bread":21,"tconstruct:crafting_station":2,"vampirism:med_chair":3,"tconstruct:earth_slime_dirt":2,"minecraft:stone_shovel":136,"minecraft:spruce_planks":165,"minecraft:oak_door":3,"minecraft:torch":16,"minecraft:dirt":1180,"spartanweaponry:club_wood":5,"biomesoplenty:maple_sapling":2,"minecraft:wooden_axe":56,"quark:spruce_chest":1,"minecraft:iron_axe":210,"tconstruct:tinker_station":1,"minecraft:cooked_beef":1,"tconstruct:part_builder":1,"minecraft:pumpkin":1,"minecraft:water_bucket":3,"vampirism:fire_place":1,"vampirism:altar_inspiration":1,"vampirism:item_garlic":3,"minecraft:mossy_cobblestone":4,"minecraft:crafting_table":5,"vampirism:hunter_table":2,"minecraft:spruce_log":13,"minecraft:wooden_hoe":17,"minecraft:iron_pickaxe":561,"minecraft:spruce_sapling":9,"minecraft:stone_axe":418,"minecraft:cobblestone":245,"minecraft:purple_bed":1,"minecraft:bucket":3,"quark:oak_chest":1,"minecraft:kelp":15},"minecraft:crafted":{"minecraft:brick":40,"minecraft:smooth_stone":3,"minecraft:oak_planks":112,"vampirism:injection_garlic":1,"minecraft:stone":3,"tconstruct:tool_binding":1,"minecraft:cooked_mutton":6,"tconstruct:hand_axe":1,"minecraft:glass":24,"tconstruct:seared_brick":64,"vampirism:stake":1,"tconstruct:small_axe_head":1,"minecraft:glass_bottle":9,"minecraft:crafting_table":3,"minecraft:spruce_planks":184,"tconstruct:tool_handle":2,"iceandfire:earplugs":1,"minecraft:wooden_hoe":1,"minecraft:charcoal":8,"minecraft:stick":24,"quark:oak_chest":1,"spartanweaponry:club_wood":1,"minecraft:iron_ingot":39,"minecraft:iron_pickaxe":3,"minecraft:oak_door":6,"tconstruct:pattern":6,"minecraft:stone_shovel":2,"tconstruct:part_builder":1,"tconstruct:repair_kit":1,"minecraft:furnace":2,"vampirism:injection_empty":1,"minecraft:iron_axe":1,"minecraft:stone_pickaxe":1,"medieval_craft_weapons:mighty_stick":1,"minecraft:cooked_beef":2,"biomesoplenty:dead_planks":4,"minecraft:stone_axe":4,"minecraft:air":0,"tconstruct:crafting_station":1,"minecraft:wooden_axe":1,"minecraft:iron_shovel":1,"vampirism:blood_container":1,"minecraft:torch":4}},"DataVersion":2586}