{"stats":{"minecraft:killed_by":{"iceandfire:dread_scuttler":1,"minecraft:skeleton":2,"minecraft:creeper":1,"minecraft:zombie":1,"iceandfire:dread_ghoul":1,"vampirism:vampire":1},"minecraft:broken":{"minecraft:stone_axe":1,"minecraft:wooden_axe":1},"minecraft:custom":{"minecraft:interact_with_furnace":1,"minecraft:mob_kills":32,"minecraft:interact_with_crafting_table":15,"minecraft:interact_with_cartography_table":2,"minecraft:play_one_minute":105835,"minecraft:leave_game":4,"minecraft:time_since_death":15999,"minecraft:climb_one_cm":614,"minecraft:sleep_in_bed":4,"minecraft:time_since_rest":6819,"minecraft:sprint_one_cm":142989,"minecraft:damage_taken":2345,"minecraft:walk_one_cm":212611,"minecraft:drop":9,"minecraft:damage_dealt":4134,"minecraft:crouch_one_cm":2232,"minecraft:swim_one_cm":6824,"minecraft:talked_to_villager":1,"minecraft:fly_one_cm":229122,"minecraft:sneak_time":1034,"minecraft:open_chest":11,"minecraft:deaths":7,"minecraft:walk_under_water_one_cm":2509,"minecraft:jump":998,"minecraft:interact_with_blast_furnace":1,"minecraft:walk_on_water_one_cm":6578,"minecraft:fall_one_cm":21217},"minecraft:picked_up":{"vampirism:vampire_blood_bottle":4,"farmersdelight:rice":9,"vampirism:item_tent":2,"tconstruct:greenheart_log":4,"tconstruct:materials_and_you":1,"minecraft:potato":24,"biomesoplenty:dead_log":2,"minecraft:oak_log":21,"minecraft:gunpowder":3,"vampirism:holy_water_bottle_normal":2,"minecraft:map":3,"minecraft:dirt":158,"minecraft:string":1,"minecraft:paper":6,"tconstruct:earth_slime_dirt":5,"minecraft:compass":1,"minecraft:bone":1,"minecraft:kelp":10,"vampirism:item_garlic":1,"minecraft:iron_ingot":1,"minecraft:iron_pickaxe":1,"minecraft:oak_planks":5,"farmersdelight:cabbage_seeds":6,"vampirism:pure_salt":3,"minecraft:stick":2,"minecraft:oak_door":2,"minecraft:pumpkin":6,"minecraft:sweet_berries":21,"minecraft:sand":5,"minecraft:spruce_sapling":8,"vampirism:vampire_fang":1,"minecraft:spruce_log":27,"minecraft:mossy_cobblestone":8,"minecraft:arrow":4,"biomesoplenty:maple_sapling":2,"minecraft:pumpkin_seeds":3,"minecraft:purple_bed":1,"minecraft:rotten_flesh":7,"minecraft:slime_ball":43,"minecraft:pumpkin_pie":1,"minecraft:emerald":5,"minecraft:bread":21,"minecraft:cobblestone":89},"minecraft:mined":{"minecraft:mossy_cobblestone":6,"minecraft:kelp_plant":1,"biomesoplenty:dead_leaves":1,"minecraft:grass_block":105,"tconstruct:earth_slime_tall_grass":2,"tconstruct:greenheart_log":4,"minecraft:cobblestone":11,"minecraft:spruce_leaves":9,"minecraft:oak_planks":3,"minecraft:kelp":2,"minecraft:large_fern":1,"minecraft:purple_bed":1,"minecraft:spruce_log":30,"tconstruct:earth_slime_dirt":2,"biomesoplenty:maple_leaves":55,"minecraft:pumpkin":3,"vampirism:tent":2,"minecraft:grass_path":1,"minecraft:grass":6,"biomesoplenty:dead_log":1,"minecraft:oak_log":21,"tconstruct:earth_earth_slime_grass":3,"tconstruct:earth_slime_leaves":14,"vampirism:fire_place":1,"minecraft:sand":5,"minecraft:dirt":21,"minecraft:packed_ice":40,"minecraft:stone":75,"tconstruct:earth_congealed_slime":8,"minecraft:fern":15},"minecraft:used":{"minecraft:iron_shovel":117,"minecraft:oak_planks":73,"minecraft:spruce_planks":49,"medieval_craft_weapons:mighty_stick":6,"minecraft:oak_door":1,"minecraft:mossy_cobblestone":4,"minecraft:dirt":135,"spartanweaponry:club_wood":5,"minecraft:crafting_table":1,"minecraft:black_bed":1,"biomesoplenty:maple_sapling":2,"minecraft:wooden_axe":56,"vampirism:item_tent":2,"minecraft:bread":19,"minecraft:iron_pickaxe":157,"minecraft:spruce_sapling":8,"minecraft:stone_axe":121,"minecraft:cobblestone":8,"minecraft:purple_bed":1,"minecraft:sweet_berries":5,"minecraft:furnace":1,"vampirism:med_chair":2,"minecraft:potato":6,"minecraft:pumpkin":1,"tconstruct:earth_slime_dirt":2},"minecraft:crafted":{"minecraft:oak_door":3,"biomesoplenty:dead_planks":4,"minecraft:oak_planks":84,"minecraft:crafting_table":1,"minecraft:spruce_planks":52,"minecraft:furnace":1,"minecraft:stone_axe":2,"minecraft:stick":16,"spartanweaponry:club_wood":1,"minecraft:iron_pickaxe":1,"minecraft:wooden_axe":1,"minecraft:iron_shovel":1,"medieval_craft_weapons:mighty_stick":1},"minecraft:killed":{"tconstruct:earth_slime":13,"vampirism:vampire":1,"minecraft:spider":3,"minecraft:creeper":2,"minecraft:skeleton":3,"minecraft:zombie":10},"minecraft:dropped":{"vampirism:vampire_blood_bottle":4,"vampirism:vampire_fang":1,"medieval_craft_weapons:mighty_stick":1,"spartanweaponry:club_wood":1,"vampirism:injection_sanguinare":1,"minecraft:bone":1}},"DataVersion":2586}