{"stats":{"minecraft:used":{"minecraft:cooked_mutton":2,"biomesoplenty:magic_log":7,"minecraft:stone_shovel":4,"minecraft:stone_pickaxe":81,"minecraft:oak_planks":3,"minecraft:wooden_pickaxe":21,"minecraft:cooked_chicken":1,"minecraft:torch":1,"farmersdelight:onion":12,"minecraft:dirt":11,"minecraft:crafting_table":3,"minecraft:magenta_bed":1,"minecraft:white_bed":2,"minecraft:carrot":12,"minecraft:stone_axe":142,"minecraft:furnace":1,"magistuarmory:rusted_bastardsword":1,"alexsmobs:animal_dictionary":3},"minecraft:picked_up":{"minecraft:wheat":9,"minecraft:crafting_table":6,"minecraft:allium":30,"minecraft:redstone_block":1,"minecraft:chicken":2,"minecraft:leather":12,"minecraft:wooden_pickaxe":3,"minecraft:red_mushroom":1,"minecraft:oak_log":5,"minecraft:magenta_bed":1,"minecraft:gunpowder":2,"minecraft:dirt":113,"minecraft:raw_copper":27,"farmersdelight:organic_compost":6,"minecraft:cooked_mutton":1,"minecraft:bone":6,"minecraft:wheat_seeds":34,"minecraft:comparator":1,"minecraft:spruce_planks":2,"minecraft:stone_pickaxe":1,"biomesoplenty:magic_log":39,"minecraft:sugar_cane":18,"minecraft:oak_planks":32,"minecraft:furnace":2,"minecraft:beehive":2,"biomesoplenty:magic_sapling":3,"minecraft:raw_iron":5,"minecraft:stick":5,"magistuarmory:rustedchainmail_chestplate":1,"minecraft:oak_fence":1,"minecraft:porkchop":4,"farmersdelight:tomato_seeds":2,"minecraft:white_bed":2,"minecraft:carrot":10,"minecraft:redstone":4,"alexsmobs:animal_dictionary":2,"biomesoplenty:blue_hydrangea":8,"minecraft:arrow":5,"minecraft:rotten_flesh":10,"minecraft:stone_axe":4,"magistuarmory:rusted_bastardsword":1,"farmersdelight:onion":46,"minecraft:hay_block":2,"minecraft:gray_wool":4,"alexsmobs:maggot":6,"minecraft:mutton":7,"minecraft:coal":6,"minecraft:white_wool":7,"minecraft:cobblestone":49},"minecraft:killed":{"minecraft:pig":1,"alexsmobs:raccoon":1,"minecraft:creeper":1,"minecraft:horse":8,"minecraft:sheep":5,"minecraft:skeleton":2,"alexsmobs:cockroach":1,"minecraft:zombie":2,"minecraft:chicken":1,"alexsmobs:fly":3,"minecraft:cow":2},"minecraft:custom":{"minecraft:interact_with_furnace":11,"minecraft:mob_kills":28,"minecraft:interact_with_crafting_table":8,"minecraft:eat_cake_slice":7,"minecraft:leave_game":4,"minecraft:time_since_death":27554,"minecraft:sleep_in_bed":3,"minecraft:time_since_rest":11873,"minecraft:sprint_one_cm":150986,"minecraft:damage_taken":1523,"minecraft:walk_one_cm":158066,"minecraft:drop":14,"minecraft:damage_dealt":4150,"minecraft:swim_one_cm":5787,"minecraft:talked_to_villager":1,"minecraft:fly_one_cm":208538,"minecraft:player_kills":2,"minecraft:open_chest":1,"minecraft:crouch_one_cm":784,"minecraft:play_time":62187,"minecraft:deaths":4,"minecraft:sneak_time":423,"minecraft:walk_under_water_one_cm":1260,"minecraft:jump":1268,"minecraft:walk_on_water_one_cm":7608,"minecraft:total_world_time":62187,"minecraft:fall_one_cm":33338},"minecraft:broken":{"minecraft:stone_axe":1},"minecraft:killed_by":{"minecraft:skeleton":2,"minecraft:zombie":2},"minecraft:crafted":{"minecraft:oak_planks":20,"minecraft:stone_shovel":1,"minecraft:crafting_table":1,"minecraft:wooden_pickaxe":1,"minecraft:cooked_chicken":1,"minecraft:furnace":1,"minecraft:stone_axe":2,"minecraft:cooked_mutton":2,"minecraft:air":0,"minecraft:stick":12,"minecraft:iron_ingot":5,"minecraft:stone_pickaxe":2,"minecraft:torch":4},"minecraft:mined":{"minecraft:redstone_block":1,"minecraft:white_bed":3,"minecraft:comparator":1,"farmersdelight:organic_compost":6,"farmersdelight:wild_carrots":8,"minecraft:oak_fence":1,"minecraft:crafting_table":3,"biomesoplenty:bush":3,"minecraft:allium":1,"minecraft:grass_block":19,"minecraft:stone_slab":1,"minecraft:redstone_wire":4,"farmersdelight:wild_tomatoes":2,"minecraft:tall_grass":2,"minecraft:copper_ore":7,"minecraft:spruce_leaves":1,"biomesoplenty:huge_clover_petal":4,"minecraft:sugar_cane":6,"minecraft:oak_planks":3,"minecraft:hay_block":2,"farmersdelight:wild_onions":23,"minecraft:coarse_dirt":1,"minecraft:furnace":1,"biomesoplenty:blue_hydrangea":2,"minecraft:beehive":2,"minecraft:iron_ore":5,"minecraft:wheat":9,"minecraft:magenta_bed":1,"minecraft:lilac":1,"biomesoplenty:magic_log":23,"minecraft:grass":12,"biomesoplenty:clover":10,"minecraft:coal_ore":7,"minecraft:oak_log":5,"minecraft:dirt":29,"minecraft:stone":47,"minecraft:oak_leaves":2},"minecraft:dropped":{"minecraft:stone_axe":1,"minecraft:wheat_seeds":2,"minecraft:oak_fence":1,"minecraft:rotten_flesh":4,"minecraft:cobblestone":8,"magistuarmory:rusted_bastardsword":1,"farmersdelight:onion":3,"minecraft:white_wool":3}},"DataVersion":3120}