{"stats":{"minecraft:picked_up":{"biomesoplenty:redwood_log":4,"minecraft:crafting_table":4,"minecraft:iron_chestplate":1,"minecraft:wheat":27,"minecraft:allium":78,"minecraft:wooden_pickaxe":4,"alexsmobs:gazelle_horn":4,"minecraft:string":5,"aquaculture:muskellunge":2,"minecraft:wooden_sword":2,"minecraft:cobbled_deepslate":10,"minecraft:bucket":5,"minecraft:spruce_planks":18,"minecraft:beef":9,"minecraft:iron_pickaxe":3,"minecraft:melon_slice":37,"biomesoplenty:wildflower":3,"minecraft:furnace":2,"minecraft:beehive":4,"minecraft:stick":14,"minecraft:raw_iron":14,"minecraft:jukebox":6,"minecraft:torch":17,"minecraft:porkchop":2,"farmersdelight:tomato_seeds":27,"minecraft:diorite":10,"minecraft:carrot":10,"biomesoplenty:redwood_planks":20,"minecraft:stone_sword":4,"minecraft:arrow":17,"biomesoplenty:blue_hydrangea":3,"minecraft:rotten_flesh":14,"farmersdelight:onion":13,"minecraft:hay_block":16,"minecraft:mutton":25,"minecraft:cod":3,"minecraft:cobblestone":35,"minecraft:white_wool":20,"minecraft:water_bucket":3,"minecraft:andesite":8,"minecraft:salmon":25,"biomesoplenty:goldenrod":1,"minecraft:leather":5,"minecraft:potato":15,"minecraft:oak_log":20,"minecraft:yellow_bed":1,"minecraft:gunpowder":7,"minecraft:lapis_lazuli":60,"farmersdelight:tomato":1,"minecraft:dirt":80,"minecraft:lantern":5,"farmersdelight:organic_compost":1,"minecraft:bone":26,"minecraft:apple":20,"minecraft:wheat_seeds":245,"alexsmobs:cockroach_wing_fragment":2,"minecraft:iron_ingot":1,"minecraft:stone_pickaxe":4,"biomesoplenty:magic_log":16,"biomesoplenty:cherry_log":5,"minecraft:oak_planks":1,"biomesoplenty:magic_sapling":1,"minecraft:white_bed":3,"minecraft:spruce_log":7,"magistuarmory:rustedchainmail_leggings":2,"alexsmobs:animal_dictionary":1,"minecraft:iron_hoe":3,"minecraft:diamond":10,"magistuarmory:rusted_bastardsword":2,"magistuarmory:rustedcrusader_boots":1,"minecraft:granite":4,"minecraft:gray_wool":1,"minecraft:bread":115,"alexsmobs:banana_slug_slime":8,"alexsmobs:maggot":1,"minecraft:oak_sapling":5,"minecraft:coal":65},"minecraft:killed_by":{"minecraft:player":3,"minecraft:creeper":3,"minecraft:spider":4,"minecraft:warden":2,"minecraft:skeleton":4,"minecraft:zombie":10},"minecraft:killed":{"minecraft:spider":2,"aquaculture:muskellunge":2,"minecraft:skeleton":1,"alexsmobs:blue_jay":1,"alexsmobs:banana_slug":1,"alexsmobs:leafcutter_ant":1,"minecraft:sheep":8,"minecraft:zombie":6,"alexsmobs:gazelle":7,"alexsmobs:fly":1,"minecraft:cow":4},"minecraft:dropped":{"minecraft:porkchop":2,"minecraft:wheat_seeds":1,"biomesoplenty:magic_sapling":1,"minecraft:stick":1,"minecraft:dirt":27,"minecraft:mutton":4,"magistuarmory:rusted_bastardsword":1,"minecraft:wooden_sword":1,"farmersdelight:onion":6,"minecraft:white_wool":3,"minecraft:carrot":1,"minecraft:allium":51,"minecraft:spruce_log":5,"biomesoplenty:magic_log":16},"minecraft:custom":{"minecraft:mob_kills":33,"minecraft:interact_with_crafting_table":22,"minecraft:open_barrel":2,"minecraft:leave_game":5,"minecraft:time_since_death":2472,"minecraft:climb_one_cm":454,"minecraft:sprint_one_cm":289195,"minecraft:walk_one_cm":420691,"minecraft:drop":68,"minecraft:play_time":133167,"minecraft:sneak_time":16523,"minecraft:deaths":27,"minecraft:walk_under_water_one_cm":32984,"minecraft:jump":2503,"minecraft:walk_on_water_one_cm":20733,"minecraft:total_world_time":133167,"minecraft:interact_with_furnace":10,"minecraft:sleep_in_bed":5,"minecraft:time_since_rest":2504,"minecraft:damage_taken":9467,"minecraft:damage_dealt":4887,"minecraft:player_kills":1,"minecraft:swim_one_cm":45439,"minecraft:fly_one_cm":324992,"minecraft:open_chest":4,"minecraft:crouch_one_cm":63403,"minecraft:fall_one_cm":77297},"minecraft:used":{"minecraft:stone_sword":38,"minecraft:chest":1,"minecraft:iron_chestplate":2,"minecraft:torch":8,"minecraft:dirt":17,"minecraft:mutton":6,"minecraft:allium":2,"minecraft:granite":4,"aquaculture:muskellunge":1,"minecraft:iron_hoe":34,"minecraft:wooden_axe":26,"minecraft:beef":8,"minecraft:furnace":3,"magistuarmory:rusted_bastardsword":14,"magistuarmory:rustedcrusader_boots":1,"minecraft:cobbled_deepslate":1,"minecraft:cooked_mutton":6,"minecraft:water_bucket":11,"minecraft:diorite":1,"minecraft:spruce_door":2,"minecraft:stone_pickaxe":17,"minecraft:wooden_pickaxe":54,"farmersdelight:organic_compost":1,"farmersdelight:onion":1,"minecraft:crafting_table":9,"minecraft:white_bed":3,"minecraft:bread":15,"minecraft:melon_slice":6,"minecraft:iron_pickaxe":14,"minecraft:wooden_sword":124,"minecraft:cobblestone":1,"minecraft:bucket":10,"minecraft:yellow_bed":1,"minecraft:gray_wool":1},"minecraft:crafted":{"minecraft:wooden_sword":6,"minecraft:oak_planks":56,"biomesoplenty:cherry_planks":20,"minecraft:furnace":2,"minecraft:cooked_mutton":7,"minecraft:iron_hoe":1,"minecraft:stone_pickaxe":1,"minecraft:chest":1,"minecraft:wheat":90,"minecraft:crafting_table":6,"minecraft:spruce_planks":8,"biomesoplenty:redwood_planks":16,"minecraft:wooden_pickaxe":1,"minecraft:spruce_door":3,"minecraft:bread":35,"minecraft:air":0,"minecraft:iron_chestplate":1,"minecraft:stick":32,"minecraft:iron_ingot":12,"minecraft:iron_pickaxe":1,"minecraft:wooden_axe":1,"minecraft:stone_sword":1,"minecraft:white_bed":1,"minecraft:torch":8},"minecraft:mined":{"biomesoplenty:cherry_log":5,"minecraft:white_bed":3,"minecraft:deepslate_diamond_ore":2,"alexsmobs:leafcutter_anthill":1,"farmersdelight:wild_carrots":9,"biomesoplenty:desert_grass":12,"biomesoplenty:bush":12,"minecraft:allium":1,"minecraft:grass_block":12,"alexsmobs:leafcutter_ant_chamber":1,"minecraft:spruce_leaves":4,"minecraft:hay_block":11,"farmersdelight:wild_onions":1,"minecraft:sculk_catalyst":1,"minecraft:furnace":2,"minecraft:iron_ore":13,"minecraft:fire":2,"minecraft:andesite":3,"minecraft:deepslate_lapis_ore":2,"minecraft:sculk_shrieker":2,"biomesoplenty:redwood_log":4,"minecraft:stone":25,"minecraft:podzol":2,"farmersdelight:organic_compost":1,"biomesoplenty:wildflower":3,"minecraft:crafting_table":4,"minecraft:torch":4,"minecraft:melon":7,"minecraft:dead_bush":3,"minecraft:sculk_sensor":6,"minecraft:tall_grass":5,"biomesoplenty:huge_clover_petal":4,"minecraft:lapis_ore":2,"farmersdelight:wild_tomatoes":3,"minecraft:oak_planks":1,"minecraft:sculk":25,"minecraft:wall_torch":1,"biomesoplenty:goldenrod":1,"biomesoplenty:blue_hydrangea":3,"minecraft:beehive":1,"minecraft:wheat":20,"minecraft:spruce_log":2,"minecraft:jukebox":1,"minecraft:birch_leaves":1,"minecraft:yellow_bed":1,"minecraft:grass":64,"biomesoplenty:clover":16,"minecraft:oak_log":17,"minecraft:coal_ore":25,"minecraft:dirt":10,"minecraft:oak_leaves":28,"minecraft:deepslate":2,"minecraft:fern":21},"minecraft:broken":{"minecraft:wooden_sword":1}},"DataVersion":3120}