{"stats":{"minecraft:picked_up":{"minecraft:crafting_table":3,"minecraft:allium":78,"biomesoplenty:goldenrod":1,"minecraft:leather":5,"minecraft:oak_log":20,"minecraft:yellow_bed":1,"aquaculture:muskellunge":2,"minecraft:dirt":75,"alexsmobs:gazelle_horn":4,"farmersdelight:tomato":1,"minecraft:string":1,"minecraft:wooden_sword":2,"minecraft:bone":6,"minecraft:wheat_seeds":11,"minecraft:spruce_planks":18,"minecraft:beef":9,"biomesoplenty:magic_log":16,"biomesoplenty:wildflower":3,"minecraft:melon_slice":37,"biomesoplenty:cherry_log":5,"minecraft:oak_planks":1,"minecraft:furnace":1,"biomesoplenty:magic_sapling":1,"minecraft:stick":10,"minecraft:torch":3,"minecraft:porkchop":2,"farmersdelight:tomato_seeds":3,"minecraft:white_bed":3,"minecraft:spruce_log":7,"minecraft:carrot":10,"magistuarmory:rustedchainmail_leggings":1,"alexsmobs:animal_dictionary":1,"minecraft:arrow":3,"biomesoplenty:blue_hydrangea":3,"minecraft:rotten_flesh":2,"magistuarmory:rusted_bastardsword":2,"farmersdelight:onion":13,"magistuarmory:rustedcrusader_boots":1,"minecraft:gray_wool":1,"alexsmobs:maggot":1,"minecraft:oak_sapling":5,"minecraft:mutton":25,"minecraft:coal":37,"minecraft:white_wool":20,"minecraft:cobblestone":17},"minecraft:used":{"minecraft:cooked_mutton":6,"minecraft:spruce_door":2,"minecraft:chest":1,"minecraft:wooden_pickaxe":36,"minecraft:torch":3,"farmersdelight:onion":1,"minecraft:dirt":14,"minecraft:mutton":6,"minecraft:crafting_table":6,"minecraft:white_bed":3,"minecraft:allium":2,"aquaculture:muskellunge":1,"minecraft:wooden_axe":26,"minecraft:melon_slice":6,"minecraft:wooden_sword":124,"minecraft:cobblestone":1,"minecraft:beef":8,"minecraft:furnace":2,"magistuarmory:rusted_bastardsword":14,"magistuarmory:rustedcrusader_boots":1,"minecraft:gray_wool":1},"minecraft:killed":{"minecraft:spider":1,"aquaculture:muskellunge":2,"minecraft:sheep":8,"alexsmobs:blue_jay":1,"minecraft:zombie":4,"alexsmobs:leafcutter_ant":1,"alexsmobs:gazelle":7,"alexsmobs:fly":1,"minecraft:cow":4},"minecraft:custom":{"minecraft:interact_with_furnace":8,"minecraft:mob_kills":28,"minecraft:interact_with_crafting_table":13,"minecraft:leave_game":4,"minecraft:time_since_death":4469,"minecraft:sleep_in_bed":2,"minecraft:climb_one_cm":454,"minecraft:time_since_rest":4531,"minecraft:sprint_one_cm":213105,"minecraft:damage_taken":5924,"minecraft:walk_one_cm":274465,"minecraft:drop":66,"minecraft:damage_dealt":3746,"minecraft:swim_one_cm":33830,"minecraft:player_kills":1,"minecraft:fly_one_cm":250600,"minecraft:open_chest":1,"minecraft:play_time":78635,"minecraft:crouch_one_cm":21939,"minecraft:sneak_time":6132,"minecraft:deaths":18,"minecraft:walk_under_water_one_cm":12880,"minecraft:jump":1734,"minecraft:walk_on_water_one_cm":7240,"minecraft:total_world_time":78635,"minecraft:fall_one_cm":38851},"minecraft:broken":{"minecraft:wooden_sword":1},"minecraft:killed_by":{"minecraft:player":3,"minecraft:skeleton":2,"minecraft:creeper":2,"minecraft:spider":3,"minecraft:zombie":7},"minecraft:crafted":{"minecraft:wooden_sword":6,"biomesoplenty:cherry_planks":20,"minecraft:oak_planks":56,"minecraft:crafting_table":4,"minecraft:spruce_planks":8,"minecraft:wooden_pickaxe":1,"minecraft:spruce_door":3,"minecraft:furnace":1,"minecraft:cooked_mutton":7,"minecraft:air":0,"minecraft:stick":20,"minecraft:white_bed":1,"minecraft:wooden_axe":1,"minecraft:chest":1,"minecraft:torch":4},"minecraft:mined":{"biomesoplenty:cherry_log":5,"minecraft:white_bed":3,"farmersdelight:wild_carrots":9,"biomesoplenty:wildflower":3,"alexsmobs:leafcutter_anthill":1,"biomesoplenty:desert_grass":12,"minecraft:crafting_table":3,"minecraft:torch":2,"biomesoplenty:bush":9,"minecraft:allium":1,"minecraft:grass_block":10,"minecraft:melon":7,"minecraft:dead_bush":3,"alexsmobs:leafcutter_ant_chamber":1,"minecraft:tall_grass":5,"minecraft:spruce_leaves":4,"biomesoplenty:huge_clover_petal":4,"farmersdelight:wild_tomatoes":3,"minecraft:oak_planks":1,"biomesoplenty:goldenrod":1,"farmersdelight:wild_onions":1,"minecraft:furnace":1,"biomesoplenty:blue_hydrangea":3,"minecraft:fire":2,"minecraft:spruce_log":2,"minecraft:birch_leaves":1,"minecraft:yellow_bed":1,"minecraft:grass":61,"biomesoplenty:clover":16,"minecraft:oak_log":17,"minecraft:coal_ore":19,"minecraft:dirt":9,"minecraft:stone":14,"minecraft:oak_leaves":26,"minecraft:fern":19},"minecraft:dropped":{"minecraft:wheat_seeds":1,"minecraft:porkchop":2,"biomesoplenty:magic_sapling":1,"minecraft:carrot":1,"minecraft:stick":1,"minecraft:dirt":25,"minecraft:allium":51,"minecraft:mutton":4,"magistuarmory:rusted_bastardsword":1,"minecraft:wooden_sword":1,"farmersdelight:onion":6,"minecraft:spruce_log":5,"biomesoplenty:magic_log":16,"minecraft:white_wool":3}},"DataVersion":3120}