{"stats":{"minecraft:picked_up":{"biomesoplenty:redwood_log":4,"minecraft:crafting_table":8,"minecraft:iron_chestplate":1,"minecraft:wheat":27,"minecraft:allium":88,"minecraft:chicken":6,"minecraft:wooden_pickaxe":4,"alexsmobs:gazelle_horn":4,"minecraft:string":5,"aquaculture:muskellunge":2,"minecraft:wooden_sword":2,"minecraft:cobbled_deepslate":10,"minecraft:bucket":5,"minecraft:spruce_planks":18,"minecraft:beef":32,"minecraft:iron_pickaxe":3,"minecraft:melon_slice":37,"biomesoplenty:wildflower":3,"minecraft:furnace":3,"minecraft:beehive":4,"minecraft:stick":22,"minecraft:raw_iron":14,"minecraft:jukebox":6,"minecraft:torch":17,"minecraft:porkchop":2,"farmersdelight:tomato_seeds":27,"minecraft:diorite":10,"minecraft:carrot":10,"biomesoplenty:redwood_planks":20,"minecraft:stone_sword":4,"minecraft:arrow":17,"biomesoplenty:blue_hydrangea":3,"minecraft:rotten_flesh":16,"farmersdelight:onion":19,"minecraft:hay_block":16,"minecraft:mutton":25,"minecraft:cod":3,"minecraft:cobblestone":49,"minecraft:white_wool":20,"minecraft:feather":6,"farmersdelight:rice":7,"minecraft:water_bucket":3,"minecraft:andesite":8,"minecraft:salmon":25,"biomesoplenty:goldenrod":1,"minecraft:leather":9,"minecraft:potato":15,"minecraft:oak_log":24,"minecraft:yellow_bed":1,"minecraft:gunpowder":7,"minecraft:lapis_lazuli":60,"farmersdelight:tomato":1,"minecraft:dirt":80,"minecraft:lantern":5,"farmersdelight:organic_compost":1,"minecraft:bone":26,"minecraft:apple":20,"minecraft:wheat_seeds":255,"alexsmobs:cockroach_wing_fragment":2,"minecraft:iron_ingot":1,"minecraft:stone_pickaxe":4,"biomesoplenty:magic_log":16,"biomesoplenty:cherry_log":5,"minecraft:oak_planks":17,"biomesoplenty:magic_sapling":1,"biomesoplenty:toadstool":1,"minecraft:white_bed":3,"minecraft:spruce_log":9,"magistuarmory:rustedchainmail_leggings":2,"alexsmobs:animal_dictionary":1,"minecraft:iron_hoe":3,"minecraft:diamond":10,"magistuarmory:rusted_bastardsword":2,"magistuarmory:rustedcrusader_boots":1,"minecraft:granite":4,"minecraft:gray_wool":1,"minecraft:bread":115,"alexsmobs:banana_slug_slime":8,"alexsmobs:maggot":1,"minecraft:jack_o_lantern":1,"minecraft:oak_sapling":11,"minecraft:coal":79},"minecraft:killed_by":{"minecraft:player":3,"minecraft:creeper":3,"minecraft:spider":4,"minecraft:warden":2,"minecraft:skeleton":4,"minecraft:zombie":12},"minecraft:killed":{"minecraft:spider":2,"aquaculture:smallmouth_bass":1,"aquaculture:muskellunge":2,"minecraft:skeleton":1,"alexsmobs:blue_jay":1,"alexsmobs:banana_slug":1,"alexsmobs:leafcutter_ant":1,"minecraft:chicken":4,"minecraft:sheep":8,"minecraft:zombie":7,"alexsmobs:gazelle":7,"alexsmobs:fly":1,"minecraft:cow":9},"minecraft:dropped":{"minecraft:porkchop":2,"minecraft:wheat_seeds":1,"biomesoplenty:magic_sapling":1,"farmersdelight:rice":4,"minecraft:stick":1,"minecraft:dirt":27,"minecraft:mutton":4,"magistuarmory:rusted_bastardsword":1,"minecraft:wooden_sword":1,"farmersdelight:onion":6,"minecraft:white_wool":3,"minecraft:carrot":1,"minecraft:allium":51,"minecraft:spruce_log":5,"biomesoplenty:magic_log":16},"minecraft:custom":{"minecraft:mob_kills":45,"minecraft:interact_with_crafting_table":31,"minecraft:open_barrel":2,"minecraft:leave_game":7,"minecraft:time_since_death":27964,"minecraft:climb_one_cm":454,"minecraft:sprint_one_cm":373643,"minecraft:walk_one_cm":598293,"minecraft:drop":69,"minecraft:play_time":173513,"minecraft:sneak_time":19921,"minecraft:deaths":29,"minecraft:walk_under_water_one_cm":39357,"minecraft:jump":3217,"minecraft:walk_on_water_one_cm":31119,"minecraft:total_world_time":173513,"minecraft:interact_with_furnace":15,"minecraft:sleep_in_bed":5,"minecraft:time_since_rest":28061,"minecraft:damage_taken":10433,"minecraft:damage_dealt":6129,"minecraft:player_kills":1,"minecraft:swim_one_cm":57913,"minecraft:fly_one_cm":410225,"minecraft:open_chest":4,"minecraft:crouch_one_cm":73074,"minecraft:fall_one_cm":92945},"minecraft:used":{"minecraft:jack_o_lantern":1,"minecraft:stone_sword":38,"minecraft:chest":1,"minecraft:cooked_chicken":4,"minecraft:iron_chestplate":2,"minecraft:torch":9,"minecraft:dirt":17,"minecraft:mutton":6,"minecraft:allium":12,"minecraft:granite":4,"aquaculture:muskellunge":1,"minecraft:iron_hoe":34,"minecraft:wooden_axe":66,"minecraft:beef":8,"minecraft:furnace":4,"magistuarmory:rusted_bastardsword":14,"magistuarmory:rustedcrusader_boots":1,"minecraft:cooked_beef":1,"minecraft:cobbled_deepslate":1,"minecraft:cooked_mutton":6,"minecraft:water_bucket":11,"minecraft:diorite":1,"minecraft:spruce_door":2,"minecraft:stone_pickaxe":18,"minecraft:wooden_pickaxe":76,"farmersdelight:organic_compost":1,"farmersdelight:onion":7,"minecraft:crafting_table":12,"minecraft:white_bed":3,"minecraft:bread":15,"minecraft:melon_slice":6,"minecraft:iron_pickaxe":14,"biomesoplenty:toadstool":1,"minecraft:wooden_sword":124,"minecraft:cobblestone":1,"minecraft:bucket":10,"minecraft:yellow_bed":1,"minecraft:gray_wool":1},"minecraft:crafted":{"minecraft:wooden_sword":6,"minecraft:oak_planks":72,"biomesoplenty:cherry_planks":20,"minecraft:cooked_chicken":4,"minecraft:furnace":3,"minecraft:cooked_mutton":7,"minecraft:iron_hoe":1,"minecraft:stone_pickaxe":2,"minecraft:chest":1,"minecraft:wheat":90,"minecraft:cooked_beef":1,"minecraft:crafting_table":8,"minecraft:spruce_planks":16,"biomesoplenty:redwood_planks":16,"minecraft:wooden_pickaxe":2,"minecraft:spruce_door":3,"minecraft:bread":35,"minecraft:air":0,"minecraft:iron_chestplate":1,"minecraft:stick":40,"minecraft:iron_ingot":12,"minecraft:iron_pickaxe":1,"minecraft:wooden_axe":2,"minecraft:stone_sword":1,"minecraft:white_bed":1,"minecraft:torch":12},"minecraft:mined":{"biomesoplenty:orange_autumn_leaves":1,"minecraft:white_bed":3,"biomesoplenty:cherry_log":5,"minecraft:deepslate_diamond_ore":2,"alexsmobs:leafcutter_anthill":1,"farmersdelight:wild_carrots":9,"biomesoplenty:desert_grass":12,"minecraft:jack_o_lantern":1,"biomesoplenty:bush":28,"minecraft:allium":1,"minecraft:grass_block":12,"alexsmobs:leafcutter_ant_chamber":1,"minecraft:spruce_leaves":10,"minecraft:large_fern":1,"minecraft:hay_block":11,"farmersdelight:wild_onions":7,"minecraft:sculk_catalyst":1,"minecraft:furnace":3,"biomesoplenty:toadstool":1,"farmersdelight:wild_rice":7,"minecraft:iron_ore":13,"minecraft:fire":2,"minecraft:andesite":3,"minecraft:deepslate_lapis_ore":2,"minecraft:sculk_shrieker":2,"biomesoplenty:redwood_log":4,"minecraft:stone":39,"minecraft:podzol":2,"farmersdelight:organic_compost":1,"biomesoplenty:wildflower":3,"minecraft:crafting_table":7,"minecraft:torch":4,"minecraft:melon":7,"minecraft:dead_bush":3,"minecraft:sculk_sensor":6,"minecraft:tall_grass":5,"biomesoplenty:huge_clover_petal":4,"biomesoplenty:sprout":14,"minecraft:lapis_ore":2,"farmersdelight:wild_tomatoes":3,"minecraft:oak_planks":1,"minecraft:sculk":25,"minecraft:wall_torch":1,"biomesoplenty:goldenrod":1,"biomesoplenty:blue_hydrangea":3,"minecraft:beehive":1,"minecraft:wheat":20,"minecraft:spruce_log":4,"minecraft:jukebox":1,"minecraft:birch_leaves":1,"minecraft:yellow_bed":1,"minecraft:grass":93,"biomesoplenty:clover":17,"minecraft:oak_log":21,"minecraft:coal_ore":33,"minecraft:dirt":10,"minecraft:oak_leaves":47,"minecraft:deepslate":2,"minecraft:fern":21},"minecraft:broken":{"minecraft:wooden_sword":1}},"DataVersion":3120}