{"stats":{"minecraft:killed_by":{"minecraft:player":3,"minecraft:skeleton":2,"minecraft:creeper":2,"minecraft:spider":3,"minecraft:zombie":4},"minecraft:mined":{"minecraft:white_bed":1,"biomesoplenty:wildflower":3,"alexsmobs:leafcutter_anthill":1,"biomesoplenty:desert_grass":12,"minecraft:crafting_table":3,"minecraft:torch":2,"biomesoplenty:bush":9,"minecraft:allium":1,"minecraft:grass_block":2,"minecraft:melon":7,"minecraft:dead_bush":3,"alexsmobs:leafcutter_ant_chamber":1,"minecraft:tall_grass":4,"farmersdelight:wild_tomatoes":3,"biomesoplenty:goldenrod":1,"farmersdelight:wild_onions":1,"minecraft:furnace":1,"biomesoplenty:blue_hydrangea":3,"minecraft:fire":2,"minecraft:grass":56,"biomesoplenty:clover":14,"minecraft:oak_log":17,"minecraft:coal_ore":19,"minecraft:stone":14,"minecraft:oak_leaves":26,"minecraft:fern":19},"minecraft:crafted":{"minecraft:wooden_sword":5,"minecraft:oak_planks":56,"minecraft:crafting_table":2,"minecraft:wooden_pickaxe":1,"minecraft:furnace":1,"minecraft:cooked_mutton":3,"minecraft:air":0,"minecraft:stick":16,"minecraft:wooden_axe":1,"minecraft:chest":1,"minecraft:torch":4},"minecraft:picked_up":{"minecraft:crafting_table":3,"minecraft:allium":78,"biomesoplenty:goldenrod":1,"minecraft:leather":3,"minecraft:oak_log":20,"aquaculture:muskellunge":2,"minecraft:dirt":42,"alexsmobs:gazelle_horn":4,"farmersdelight:tomato":1,"minecraft:string":1,"minecraft:wooden_sword":1,"minecraft:bone":6,"minecraft:wheat_seeds":11,"minecraft:spruce_planks":18,"minecraft:beef":8,"biomesoplenty:magic_log":16,"biomesoplenty:wildflower":3,"minecraft:melon_slice":37,"minecraft:furnace":1,"biomesoplenty:magic_sapling":1,"minecraft:stick":10,"minecraft:torch":2,"minecraft:porkchop":2,"farmersdelight:tomato_seeds":3,"minecraft:carrot":1,"minecraft:spruce_log":5,"alexsmobs:animal_dictionary":1,"minecraft:rotten_flesh":1,"minecraft:arrow":3,"biomesoplenty:blue_hydrangea":3,"farmersdelight:onion":13,"magistuarmory:rustedcrusader_boots":1,"alexsmobs:maggot":1,"minecraft:oak_sapling":5,"minecraft:mutton":23,"minecraft:coal":36,"minecraft:white_wool":13,"minecraft:cobblestone":14},"minecraft:custom":{"minecraft:interact_with_furnace":6,"minecraft:mob_kills":25,"minecraft:interact_with_crafting_table":10,"minecraft:leave_game":1,"minecraft:time_since_death":1631,"minecraft:climb_one_cm":454,"minecraft:time_since_rest":1666,"minecraft:sprint_one_cm":147740,"minecraft:damage_taken":5023,"minecraft:walk_one_cm":186237,"minecraft:drop":64,"minecraft:damage_dealt":3157,"minecraft:swim_one_cm":21853,"minecraft:player_kills":1,"minecraft:fly_one_cm":200446,"minecraft:open_chest":1,"minecraft:crouch_one_cm":14265,"minecraft:play_time":52389,"minecraft:sneak_time":4163,"minecraft:deaths":15,"minecraft:walk_under_water_one_cm":11076,"minecraft:jump":1301,"minecraft:walk_on_water_one_cm":5389,"minecraft:total_world_time":52389,"minecraft:fall_one_cm":29517},"minecraft:broken":{"minecraft:wooden_sword":1},"minecraft:dropped":{"minecraft:porkchop":2,"minecraft:wheat_seeds":1,"biomesoplenty:magic_sapling":1,"minecraft:carrot":1,"minecraft:stick":1,"minecraft:dirt":25,"minecraft:allium":51,"minecraft:mutton":4,"farmersdelight:onion":6,"minecraft:spruce_log":5,"biomesoplenty:magic_log":16,"minecraft:white_wool":3},"minecraft:killed":{"minecraft:spider":1,"aquaculture:muskellunge":2,"minecraft:sheep":6,"alexsmobs:blue_jay":1,"minecraft:zombie":3,"alexsmobs:leafcutter_ant":1,"alexsmobs:gazelle":7,"alexsmobs:fly":1,"minecraft:cow":3},"minecraft:used":{"minecraft:cooked_mutton":2,"minecraft:chest":1,"minecraft:wooden_pickaxe":36,"minecraft:torch":3,"farmersdelight:onion":1,"minecraft:dirt":1,"minecraft:mutton":4,"minecraft:crafting_table":5,"minecraft:allium":2,"aquaculture:muskellunge":1,"minecraft:wooden_axe":26,"minecraft:melon_slice":6,"minecraft:wooden_sword":118,"minecraft:cobblestone":1,"minecraft:beef":8,"minecraft:furnace":2,"magistuarmory:rustedcrusader_boots":1}},"DataVersion":3120}