{"stats":{"minecraft:picked_up":{"biomesoplenty:redwood_log":6,"minecraft:crafting_table":9,"minecraft:iron_chestplate":1,"minecraft:wheat":27,"minecraft:allium":88,"minecraft:chicken":6,"minecraft:wooden_pickaxe":5,"minecraft:amethyst_block":1,"alexsmobs:gazelle_horn":4,"minecraft:string":11,"aquaculture:muskellunge":2,"minecraft:wooden_sword":2,"farmersdelight:cabbage":1,"minecraft:cobbled_deepslate":61,"minecraft:bucket":5,"minecraft:spruce_planks":23,"minecraft:beef":32,"minecraft:iron_pickaxe":4,"minecraft:melon_slice":37,"biomesoplenty:wildflower":3,"minecraft:furnace":5,"minecraft:beehive":4,"minecraft:stick":28,"minecraft:raw_iron":31,"minecraft:jukebox":6,"minecraft:torch":76,"minecraft:porkchop":2,"farmersdelight:tomato_seeds":27,"minecraft:diorite":15,"minecraft:carrot":10,"biomesoplenty:redwood_planks":20,"minecraft:stone_sword":4,"minecraft:arrow":17,"biomesoplenty:blue_hydrangea":3,"minecraft:rotten_flesh":31,"farmersdelight:onion":19,"minecraft:hay_block":16,"minecraft:mutton":25,"minecraft:cod":3,"minecraft:cobblestone":82,"minecraft:white_wool":20,"minecraft:feather":14,"minecraft:cooked_beef":3,"farmersdelight:rice":13,"minecraft:water_bucket":3,"minecraft:andesite":9,"minecraft:salmon":25,"biomesoplenty:goldenrod":1,"minecraft:leather":17,"minecraft:potato":15,"alexsmobs:bear_fur":1,"minecraft:oak_log":24,"minecraft:yellow_bed":1,"minecraft:gunpowder":7,"minecraft:lapis_lazuli":108,"farmersdelight:tomato":3,"minecraft:dirt":80,"minecraft:lantern":5,"farmersdelight:organic_compost":1,"minecraft:bone":30,"minecraft:apple":20,"minecraft:wheat_seeds":255,"alexsmobs:cockroach_wing_fragment":2,"minecraft:iron_ingot":5,"minecraft:stone_pickaxe":6,"biomesoplenty:magic_log":16,"biomesoplenty:cherry_log":5,"minecraft:oak_planks":18,"biomesoplenty:magic_sapling":1,"biomesoplenty:toadstool":1,"minecraft:amethyst_shard":32,"minecraft:white_bed":3,"minecraft:spruce_log":9,"magistuarmory:rustedchainmail_leggings":5,"alexsmobs:animal_dictionary":1,"minecraft:iron_hoe":3,"minecraft:diamond":10,"magistuarmory:rusted_bastardsword":5,"magistuarmory:rustedcrusader_boots":1,"minecraft:granite":4,"minecraft:gray_wool":1,"minecraft:bread":115,"alexsmobs:banana_slug_slime":8,"alexsmobs:maggot":1,"minecraft:jack_o_lantern":1,"minecraft:oak_sapling":15,"minecraft:coal":128},"minecraft:killed_by":{"minecraft:player":3,"minecraft:creeper":3,"minecraft:spider":4,"minecraft:warden":3,"minecraft:skeleton":7,"minecraft:zombie":13},"minecraft:killed":{"minecraft:spider":4,"aquaculture:smallmouth_bass":1,"aquaculture:muskellunge":2,"minecraft:skeleton":3,"alexsmobs:blue_jay":1,"alexsmobs:banana_slug":1,"alexsmobs:leafcutter_ant":1,"minecraft:chicken":4,"minecraft:sheep":8,"minecraft:zombie":18,"alexsmobs:gazelle":7,"alexsmobs:fly":1,"minecraft:cow":9},"minecraft:dropped":{"minecraft:porkchop":2,"minecraft:wheat_seeds":1,"biomesoplenty:magic_sapling":1,"farmersdelight:rice":4,"minecraft:stick":1,"minecraft:dirt":27,"minecraft:mutton":4,"magistuarmory:rusted_bastardsword":1,"minecraft:wooden_sword":1,"farmersdelight:onion":6,"minecraft:white_wool":3,"magistuarmory:rustedchainmail_leggings":1,"minecraft:carrot":1,"minecraft:allium":51,"minecraft:spruce_log":5,"biomesoplenty:magic_log":16},"minecraft:custom":{"minecraft:mob_kills":60,"minecraft:interact_with_crafting_table":37,"minecraft:open_barrel":2,"minecraft:leave_game":7,"minecraft:time_since_death":3605,"minecraft:climb_one_cm":454,"minecraft:sprint_one_cm":411794,"minecraft:walk_one_cm":719771,"minecraft:drop":70,"minecraft:play_time":209513,"minecraft:sneak_time":28942,"minecraft:deaths":36,"minecraft:walk_under_water_one_cm":48090,"minecraft:jump":3638,"minecraft:walk_on_water_one_cm":38084,"minecraft:total_world_time":209513,"minecraft:interact_with_furnace":31,"minecraft:sleep_in_bed":5,"minecraft:time_since_rest":3633,"minecraft:damage_taken":13168,"minecraft:damage_dealt":9147,"minecraft:player_kills":1,"minecraft:swim_one_cm":59414,"minecraft:fly_one_cm":441490,"minecraft:open_chest":4,"minecraft:crouch_one_cm":99636,"minecraft:fall_one_cm":108430},"minecraft:used":{"minecraft:jack_o_lantern":1,"minecraft:stone_sword":38,"minecraft:chest":1,"farmersdelight:cabbage":1,"minecraft:cooked_chicken":4,"minecraft:rotten_flesh":11,"minecraft:iron_chestplate":2,"minecraft:torch":30,"minecraft:dirt":17,"minecraft:mutton":6,"minecraft:allium":12,"minecraft:granite":4,"aquaculture:muskellunge":1,"minecraft:iron_hoe":34,"minecraft:wooden_axe":67,"farmersdelight:tomato":2,"minecraft:beef":8,"minecraft:furnace":6,"magistuarmory:rusted_bastardsword":109,"magistuarmory:rustedcrusader_boots":1,"minecraft:cooked_beef":8,"minecraft:cobbled_deepslate":4,"minecraft:cooked_mutton":6,"minecraft:water_bucket":11,"minecraft:diorite":1,"minecraft:spruce_door":2,"minecraft:stone_pickaxe":75,"minecraft:wooden_pickaxe":84,"farmersdelight:organic_compost":1,"farmersdelight:onion":7,"minecraft:crafting_table":13,"minecraft:white_bed":3,"minecraft:bread":15,"minecraft:melon_slice":6,"minecraft:iron_pickaxe":104,"biomesoplenty:toadstool":1,"minecraft:wooden_sword":124,"minecraft:cobblestone":12,"minecraft:bucket":10,"minecraft:yellow_bed":1,"minecraft:gray_wool":1},"minecraft:crafted":{"minecraft:wooden_sword":6,"minecraft:oak_planks":72,"biomesoplenty:cherry_planks":20,"minecraft:cooked_chicken":4,"minecraft:furnace":4,"minecraft:cooked_mutton":7,"minecraft:iron_hoe":1,"minecraft:stone_pickaxe":2,"minecraft:chest":1,"minecraft:wheat":90,"minecraft:cooked_beef":8,"minecraft:crafting_table":8,"minecraft:spruce_planks":16,"biomesoplenty:redwood_planks":20,"minecraft:wooden_pickaxe":2,"minecraft:spruce_door":3,"minecraft:bread":35,"minecraft:air":0,"minecraft:iron_chestplate":1,"minecraft:stick":60,"minecraft:iron_ingot":19,"minecraft:iron_pickaxe":2,"minecraft:wooden_axe":2,"minecraft:stone_sword":1,"minecraft:white_bed":1,"minecraft:torch":64},"minecraft:mined":{"minecraft:large_amethyst_bud":1,"biomesoplenty:orange_autumn_leaves":1,"minecraft:white_bed":3,"biomesoplenty:cherry_log":5,"minecraft:deepslate_diamond_ore":2,"alexsmobs:leafcutter_anthill":1,"farmersdelight:wild_carrots":9,"biomesoplenty:desert_grass":12,"minecraft:jack_o_lantern":1,"biomesoplenty:bush":28,"minecraft:allium":1,"minecraft:grass_block":12,"alexsmobs:leafcutter_ant_chamber":1,"minecraft:spruce_leaves":12,"minecraft:large_fern":1,"minecraft:hay_block":11,"farmersdelight:wild_onions":7,"minecraft:sculk_catalyst":1,"minecraft:furnace":4,"biomesoplenty:toadstool":1,"farmersdelight:wild_rice":7,"minecraft:iron_ore":29,"minecraft:fire":2,"minecraft:andesite":3,"minecraft:deepslate_lapis_ore":2,"biomesoplenty:hanging_cobweb":2,"minecraft:sculk_shrieker":2,"minecraft:deepslate_iron_ore":1,"biomesoplenty:redwood_log":5,"minecraft:stone":64,"minecraft:podzol":2,"farmersdelight:organic_compost":1,"minecraft:medium_amethyst_bud":1,"biomesoplenty:wildflower":3,"minecraft:amethyst_cluster":8,"minecraft:crafting_table":7,"minecraft:torch":5,"minecraft:melon":7,"minecraft:dead_bush":3,"minecraft:sculk_sensor":6,"minecraft:cobblestone":2,"minecraft:tall_grass":5,"biomesoplenty:huge_clover_petal":4,"biomesoplenty:sprout":14,"minecraft:lapis_ore":10,"farmersdelight:wild_tomatoes":3,"minecraft:oak_planks":1,"minecraft:sculk":28,"minecraft:diorite":3,"minecraft:wall_torch":5,"minecraft:amethyst_block":1,"biomesoplenty:goldenrod":1,"biomesoplenty:blue_hydrangea":3,"minecraft:beehive":1,"minecraft:wheat":20,"minecraft:spruce_log":4,"minecraft:jukebox":1,"minecraft:birch_leaves":1,"minecraft:yellow_bed":1,"minecraft:grass":93,"biomesoplenty:clover":17,"minecraft:oak_log":21,"minecraft:coal_ore":74,"minecraft:dirt":10,"minecraft:oak_leaves":47,"minecraft:deepslate":48,"minecraft:fern":21},"minecraft:broken":{"minecraft:wooden_sword":1}},"DataVersion":3120}