{"stats":{"minecraft:broken":{"iceandfire:earplugs":1,"minecraft:wooden_axe":1},"minecraft:dropped":{"minecraft:iron_sword":1,"minecraft:porkchop":5,"minecraft:wheat_seeds":2,"minecraft:glass_bottle":11,"minecraft:rotten_flesh":7,"vampirism:blood_bottle":1,"minecraft:leather":3,"minecraft:iron_chestplate":1,"minecraft:mutton":6,"tconstruct:earth_slime_sapling":1,"minecraft:iron_ore":26,"minecraft:arrow":2,"minecraft:beef":2,"minecraft:iron_pickaxe":1,"minecraft:string":2},"minecraft:picked_up":{"spartanweaponry:club_wood":1,"vampirism:vampire_blood_bottle":2,"iceandfire:sea_serpent_fang":6,"minecraft:prismarine_shard":2,"minecraft:potato":1,"minecraft:oak_log":2,"minecraft:cobblestone_wall":2,"minecraft:cobblestone_stairs":2,"minecraft:wooden_hoe":1,"minecraft:string":2,"minecraft:dirt":2,"minecraft:large_fern":1,"tconstruct:hand_axe":1,"minecraft:bone":7,"minecraft:glass_pane":15,"minecraft:apple":1,"minecraft:stone_bricks":10,"minecraft:cracked_stone_bricks":1,"minecraft:wheat_seeds":2,"minecraft:bucket":1,"minecraft:spruce_planks":8,"quark:tallow":11,"minecraft:iron_ore":52,"minecraft:poppy":6,"minecraft:iron_pickaxe":1,"minecraft:glass_bottle":23,"minecraft:oak_planks":1,"minecraft:iron_boots":1,"minecraft:stick":2,"minecraft:sweet_berries":2,"vampirism:fire_place":1,"minecraft:dandelion":7,"iceandfire:shiny_scales":2,"minecraft:porkchop":9,"minecraft:spruce_sapling":4,"vampirism:vampire_fang":2,"minecraft:spruce_log":63,"minecraft:prismarine_crystals":5,"minecraft:spider_eye":1,"iceandfire:blindfold":1,"vampirism:blood_bottle":8,"minecraft:arrow":3,"minecraft:rotten_flesh":10,"minecraft:slime_ball":16,"medieval_craft_weapons:mighty_stick":1,"vampirism:injection_sanguinare":1,"minecraft:iron_helmet":1,"iceandfire:sea_serpent_scales_red":6,"iceandfire:earplugs":1,"iceandfire:gorgon_head":1,"minecraft:netherrack":1,"tconstruct:earth_slime_sapling":1,"minecraft:mutton":6,"minecraft:coal":2,"minecraft:white_wool":3,"minecraft:cobblestone":20},"minecraft:mined":{"minecraft:spruce_planks":8,"minecraft:cobblestone_stairs":2,"minecraft:dandelion":1,"tconstruct:earth_slime_tall_grass":1,"minecraft:poppy":6,"minecraft:tall_grass":2,"minecraft:cobblestone":5,"minecraft:spruce_leaves":44,"minecraft:oak_planks":1,"minecraft:large_fern":1,"minecraft:spruce_sapling":1,"minecraft:cobblestone_wall":3,"minecraft:iron_ore":27,"minecraft:spruce_log":64,"minecraft:grass":14,"minecraft:oak_log":2,"minecraft:coal_ore":2,"minecraft:vine":2,"minecraft:dirt":2,"minecraft:packed_ice":14,"minecraft:cracked_stone_bricks":1,"minecraft:stone":16,"minecraft:stone_bricks":15,"minecraft:netherrack":1,"quark:root":1,"farmersdelight:wild_potatoes":2,"minecraft:fern":4},"minecraft:custom":{"minecraft:interact_with_furnace":3,"minecraft:mob_kills":32,"minecraft:interact_with_crafting_table":1,"minecraft:play_one_minute":196494,"minecraft:damage_dealt_resisted":25,"minecraft:interact_with_grindstone":1,"minecraft:leave_game":5,"minecraft:time_since_death":18274,"minecraft:climb_one_cm":2635,"minecraft:sleep_in_bed":1,"minecraft:damage_resisted":30,"minecraft:time_since_rest":18318,"minecraft:sprint_one_cm":189619,"minecraft:damage_taken":2147483647,"minecraft:walk_one_cm":386716,"minecraft:trigger_trapped_chest":1,"minecraft:drop":25,"minecraft:damage_dealt":2275,"minecraft:player_kills":1,"minecraft:swim_one_cm":22564,"minecraft:fly_one_cm":667092,"minecraft:open_chest":9,"minecraft:crouch_one_cm":4761,"minecraft:sneak_time":4612,"minecraft:deaths":20,"minecraft:walk_under_water_one_cm":4842,"minecraft:jump":1125,"minecraft:interact_with_blast_furnace":4,"minecraft:walk_on_water_one_cm":23482,"minecraft:fall_one_cm":25857},"minecraft:killed":{"tconstruct:earth_slime":18,"minecraft:skeleton":1,"minecraft:zombie":4,"iceandfire:siren":1},"minecraft:killed_by":{"iceandfire:gorgon":1,"minecraft:player":1,"minecraft:skeleton":1,"minecraft:creeper":1,"minecraft:zombie":1,"iceandfire:ghost":1,"vampirism:vampire":1,"iceandfire:sea_serpent":6,"medieval_craft_weapons:knight":1,"medieval_craft_weapons:soldier":2},"minecraft:used":{"vampirism:fire_place":1,"minecraft:oak_planks":1,"minecraft:poppy":6,"minecraft:spruce_planks":64,"minecraft:wooden_pickaxe":8,"minecraft:iron_sword":22,"medieval_craft_weapons:mighty_stick":32,"minecraft:dirt":1,"spartanweaponry:club_wood":17,"minecraft:crafting_table":1,"minecraft:spider_eye":1,"minecraft:wooden_axe":59,"minecraft:apple":1,"minecraft:iron_axe":6,"minecraft:iron_pickaxe":75,"minecraft:spruce_sapling":17,"minecraft:golden_sword":13,"minecraft:sweet_berries":2,"minecraft:potato":1,"minecraft:dandelion":1,"minecraft:bone_meal":3},"minecraft:crafted":{"minecraft:oak_planks":8,"minecraft:crafting_table":1,"minecraft:spruce_planks":84,"minecraft:wooden_pickaxe":1,"minecraft:iron_sword":1,"minecraft:bone_meal":3,"minecraft:iron_chestplate":2,"minecraft:iron_axe":1,"minecraft:stick":12,"minecraft:iron_ingot":26,"minecraft:iron_pickaxe":1,"minecraft:wooden_axe":1,"medieval_craft_weapons:mighty_stick":1}},"DataVersion":2586}