{"stats":{"minecraft:killed_by":{"minecraft:player":1,"minecraft:skeleton":2,"minecraft:zombie":1},"minecraft:mined":{"minecraft:spruce_log":13,"minecraft:crafting_table":4,"biomesoplenty:clover":26,"minecraft:grass":25,"biomesoplenty:bush":1,"minecraft:allium":2,"minecraft:grass_block":5,"minecraft:dirt":10,"minecraft:spruce_leaves":1,"minecraft:stone":9},"minecraft:crafted":{"minecraft:wooden_hoe":1,"minecraft:crafting_table":1,"minecraft:spruce_planks":52,"minecraft:stick":16,"minecraft:wooden_pickaxe":1,"minecraft:stone_pickaxe":1,"minecraft:wooden_axe":1,"minecraft:stone_sword":1,"minecraft:white_bed":2,"minecraft:stone_axe":1},"minecraft:picked_up":{"minecraft:crafting_table":4,"minecraft:allium":101,"minecraft:leather":2,"minecraft:porkchop":5,"magistuarmory:rustednorman_helmet":1,"farmersdelight:tomato_seeds":3,"minecraft:carrot":1,"minecraft:white_bed":1,"minecraft:spruce_log":17,"farmersdelight:tomato":1,"minecraft:dirt":54,"biomesoplenty:blue_hydrangea":3,"minecraft:bone":7,"minecraft:arrow":4,"minecraft:wheat_seeds":6,"farmersdelight:onion":1,"minecraft:spruce_planks":18,"biomesoplenty:magic_log":16,"alexsmobs:maggot":2,"minecraft:mutton":21,"minecraft:white_wool":15,"minecraft:cobblestone":17,"minecraft:furnace":1},"minecraft:custom":{"minecraft:time_since_rest":603,"minecraft:interact_with_furnace":1,"minecraft:sprint_one_cm":95198,"minecraft:damage_taken":1150,"minecraft:walk_one_cm":74603,"minecraft:mob_kills":6,"minecraft:damage_dealt":1251,"minecraft:player_kills":1,"minecraft:fly_one_cm":85830,"minecraft:interact_with_crafting_table":5,"minecraft:crouch_one_cm":407,"minecraft:play_time":24916,"minecraft:deaths":4,"minecraft:sneak_time":39,"minecraft:walk_under_water_one_cm":705,"minecraft:jump":461,"minecraft:time_since_death":13143,"minecraft:leave_game":1,"minecraft:walk_on_water_one_cm":3526,"minecraft:sleep_in_bed":2,"minecraft:total_world_time":24916,"minecraft:fall_one_cm":12213},"minecraft:killed":{"minecraft:sheep":4,"minecraft:skeleton":1,"minecraft:pig":1},"minecraft:used":{"minecraft:wooden_axe":19,"minecraft:stone_sword":50,"minecraft:stone_pickaxe":24,"minecraft:crafting_table":3,"minecraft:furnace":1,"minecraft:carrot":4,"minecraft:white_bed":3,"alexsmobs:animal_dictionary":1}},"DataVersion":3120}