{"stats":{"minecraft:broken":{"minecraft:iron_boots":1,"iceandfire:earplugs":1,"minecraft:wooden_axe":1},"minecraft:dropped":{"minecraft:iron_sword":2,"minecraft:porkchop":10,"minecraft:wheat_seeds":2,"minecraft:glass_bottle":11,"minecraft:iron_helmet":1,"minecraft:leather":3,"minecraft:stick":2,"minecraft:mutton":6,"minecraft:iron_pickaxe":1,"minecraft:string":2,"iceandfire:stymphalian_bird_feather":15,"minecraft:rotten_flesh":7,"vampirism:blood_bottle":1,"minecraft:spruce_planks":18,"minecraft:iron_chestplate":2,"minecraft:leather_boots":1,"tconstruct:earth_slime_sapling":1,"minecraft:iron_ore":26,"minecraft:arrow":2,"minecraft:beef":2},"minecraft:picked_up":{"spartanweaponry:club_wood":1,"minecraft:prismarine_shard":2,"minecraft:string":4,"minecraft:large_fern":1,"tconstruct:hand_axe":1,"minecraft:glass_pane":15,"minecraft:cracked_stone_bricks":1,"minecraft:diamond_leggings":1,"minecraft:spruce_planks":26,"minecraft:bucket":1,"iceandfire:dread_knight_sword":1,"iceandfire:dread_shard":2,"minecraft:poppy":6,"minecraft:iron_pickaxe":1,"minecraft:iron_boots":1,"minecraft:stick":2,"iceandfire:dragonbone":12,"minecraft:porkchop":9,"vampirism:vampire_fang":2,"minecraft:prismarine_crystals":5,"iceandfire:dragon_skull_ice":1,"minecraft:diamond_chestplate":1,"iceandfire:blindfold":1,"minecraft:arrow":4,"vampirism:blood_bottle":8,"minecraft:rotten_flesh":14,"medieval_craft_weapons:mighty_stick":1,"minecraft:diamond_boots":1,"iceandfire:earplugs":1,"tconstruct:earth_slime_sapling":1,"minecraft:mutton":6,"minecraft:skeleton_skull":1,"minecraft:white_wool":3,"minecraft:cobblestone":20,"vampirism:vampire_blood_bottle":2,"iceandfire:sea_serpent_fang":6,"minecraft:potato":1,"minecraft:oak_log":2,"minecraft:cobblestone_wall":2,"minecraft:cobblestone_stairs":2,"minecraft:wooden_hoe":1,"minecraft:dirt":2,"minecraft:bone":11,"minecraft:apple":1,"minecraft:stone_bricks":10,"minecraft:wheat_seeds":2,"minecraft:iron_ore":52,"quark:tallow":11,"minecraft:diamond_helmet":1,"minecraft:glass_bottle":23,"minecraft:oak_planks":1,"minecraft:iron_sword":1,"minecraft:sweet_berries":2,"vampirism:fire_place":1,"minecraft:dandelion":7,"iceandfire:shiny_scales":2,"minecraft:spruce_sapling":4,"iceandfire:stymphalian_bird_feather":16,"minecraft:spruce_log":63,"minecraft:spider_eye":1,"minecraft:slime_ball":20,"biomesoplenty:willow_log":1,"vampirism:injection_sanguinare":1,"minecraft:iron_helmet":1,"iceandfire:sea_serpent_scales_red":6,"iceandfire:gorgon_head":1,"minecraft:netherrack":1,"minecraft:coal":2},"minecraft:mined":{"minecraft:spruce_planks":8,"minecraft:cobblestone_stairs":2,"biomesoplenty:desert_grass":1,"tconstruct:earth_slime_tall_grass":1,"minecraft:spruce_leaves":46,"minecraft:large_fern":1,"minecraft:spruce_sapling":1,"minecraft:iron_ore":27,"minecraft:vine":2,"minecraft:packed_ice":14,"minecraft:stone":16,"tconstruct:earth_congealed_slime":1,"farmersdelight:wild_potatoes":2,"minecraft:dandelion":1,"minecraft:poppy":6,"minecraft:tall_grass":2,"minecraft:cobblestone":5,"minecraft:oak_planks":1,"minecraft:cobblestone_wall":3,"minecraft:spruce_log":64,"minecraft:grass":14,"minecraft:coal_ore":2,"minecraft:oak_log":2,"minecraft:gravel":1,"minecraft:dirt":2,"minecraft:cracked_stone_bricks":1,"minecraft:stone_bricks":15,"minecraft:netherrack":1,"minecraft:fern":6,"tconstruct:sky_congealed_slime":5,"quark:root":1},"minecraft:custom":{"minecraft:mob_kills":36,"minecraft:interact_with_crafting_table":1,"minecraft:damage_dealt_resisted":25,"minecraft:leave_game":5,"minecraft:time_since_death":2378,"minecraft:climb_one_cm":3696,"minecraft:damage_resisted":50,"minecraft:sprint_one_cm":216222,"minecraft:walk_one_cm":483491,"minecraft:drop":33,"minecraft:deaths":28,"minecraft:sneak_time":6305,"minecraft:walk_under_water_one_cm":17593,"minecraft:jump":1302,"minecraft:interact_with_blast_furnace":5,"minecraft:walk_on_water_one_cm":39429,"minecraft:interact_with_furnace":3,"minecraft:play_one_minute":256494,"minecraft:interact_with_grindstone":1,"minecraft:sleep_in_bed":1,"minecraft:time_since_rest":2411,"minecraft:damage_taken":2147483647,"minecraft:trigger_trapped_chest":1,"minecraft:damage_dealt":3807,"minecraft:swim_one_cm":32767,"minecraft:fly_one_cm":1175982,"minecraft:player_kills":1,"minecraft:open_chest":18,"minecraft:crouch_one_cm":5826,"minecraft:fall_one_cm":29596},"minecraft:killed":{"vampirism:vampire":1,"tconstruct:earth_slime":18,"minecraft:spider":1,"minecraft:skeleton":2,"iceandfire:siren":1,"minecraft:bat":1,"minecraft:zombie":4,"iceandfire:dread_ghoul":1},"minecraft:killed_by":{"minecraft:player":1,"minecraft:creeper":1,"iceandfire:stymphalian_bird":4,"iceandfire:dread_ghoul":1,"iceandfire:sea_serpent":6,"iceandfire:dread_knight":1,"iceandfire:gorgon":1,"minecraft:skeleton":1,"minecraft:zombie":1,"iceandfire:ghost":2,"vampirism:vampire":1,"medieval_craft_weapons:knight":1,"medieval_craft_weapons:soldier":2},"minecraft:used":{"minecraft:poppy":6,"minecraft:spruce_planks":64,"minecraft:iron_sword":78,"medieval_craft_weapons:mighty_stick":32,"minecraft:dirt":1,"spartanweaponry:club_wood":17,"minecraft:wooden_axe":59,"minecraft:iron_axe":40,"minecraft:golden_sword":13,"minecraft:sweet_berries":2,"minecraft:potato":1,"vampirism:fire_place":1,"biomesoplenty:willow_log":1,"minecraft:oak_planks":1,"minecraft:wooden_pickaxe":8,"iceandfire:dread_knight_sword":8,"minecraft:crafting_table":1,"minecraft:spider_eye":1,"minecraft:pumpkin_seeds":2,"minecraft:wooden_hoe":2,"minecraft:apple":1,"minecraft:iron_pickaxe":75,"minecraft:spruce_sapling":17,"minecraft:dandelion":7,"minecraft:bone_meal":3},"minecraft:crafted":{"minecraft:oak_planks":8,"minecraft:bone_meal":3,"minecraft:iron_axe":1,"medieval_craft_weapons:mighty_stick":1,"minecraft:crafting_table":1,"minecraft:spruce_planks":84,"minecraft:wooden_pickaxe":1,"minecraft:iron_sword":1,"minecraft:iron_chestplate":2,"minecraft:stick":12,"minecraft:iron_pickaxe":1,"minecraft:iron_ingot":26,"minecraft:wooden_axe":1}},"DataVersion":2586}