{"stats":{"minecraft:broken":{"minecraft:wooden_axe":1},"minecraft:dropped":{"minecraft:porkchop":5,"minecraft:wheat_seeds":2,"minecraft:glass_bottle":11,"minecraft:rotten_flesh":5,"vampirism:blood_bottle":1,"minecraft:leather":3,"minecraft:mutton":6,"minecraft:iron_ore":26,"minecraft:beef":2,"minecraft:string":2},"minecraft:picked_up":{"spartanweaponry:club_wood":1,"vampirism:vampire_blood_bottle":2,"minecraft:potato":1,"minecraft:oak_log":2,"minecraft:string":2,"minecraft:dirt":1,"minecraft:large_fern":1,"tconstruct:hand_axe":1,"minecraft:bone":7,"minecraft:apple":1,"minecraft:wheat_seeds":2,"minecraft:bucket":1,"minecraft:spruce_planks":8,"minecraft:iron_ore":52,"quark:tallow":5,"minecraft:iron_pickaxe":1,"minecraft:poppy":6,"minecraft:glass_bottle":23,"minecraft:oak_planks":1,"minecraft:iron_boots":1,"minecraft:sweet_berries":2,"vampirism:fire_place":1,"minecraft:dandelion":1,"minecraft:porkchop":4,"minecraft:spruce_sapling":3,"vampirism:vampire_fang":2,"minecraft:spruce_log":63,"minecraft:spider_eye":1,"iceandfire:blindfold":1,"minecraft:arrow":3,"vampirism:blood_bottle":8,"minecraft:rotten_flesh":6,"minecraft:slime_ball":10,"vampirism:injection_sanguinare":1,"medieval_craft_weapons:mighty_stick":1,"minecraft:iron_helmet":1,"minecraft:coal":2,"tconstruct:earth_slime_sapling":1,"minecraft:mutton":6,"minecraft:white_wool":3,"minecraft:cobblestone":9},"minecraft:mined":{"minecraft:spruce_planks":8,"minecraft:dandelion":1,"minecraft:poppy":6,"minecraft:tall_grass":2,"minecraft:spruce_leaves":44,"minecraft:oak_planks":1,"minecraft:large_fern":1,"minecraft:spruce_sapling":1,"minecraft:iron_ore":27,"minecraft:spruce_log":64,"minecraft:grass":14,"minecraft:coal_ore":2,"minecraft:oak_log":2,"minecraft:dirt":2,"minecraft:packed_ice":14,"minecraft:stone":9,"quark:root":1,"farmersdelight:wild_potatoes":2,"minecraft:fern":2},"minecraft:custom":{"minecraft:interact_with_furnace":3,"minecraft:mob_kills":23,"minecraft:interact_with_crafting_table":1,"minecraft:play_one_minute":124833,"minecraft:damage_dealt_resisted":25,"minecraft:interact_with_grindstone":1,"minecraft:leave_game":4,"minecraft:time_since_death":2300,"minecraft:sleep_in_bed":1,"minecraft:climb_one_cm":143,"minecraft:damage_resisted":30,"minecraft:time_since_rest":2339,"minecraft:sprint_one_cm":173040,"minecraft:damage_taken":2147483647,"minecraft:walk_one_cm":299084,"minecraft:trigger_trapped_chest":1,"minecraft:drop":19,"minecraft:damage_dealt":1638,"minecraft:swim_one_cm":8681,"minecraft:fly_one_cm":262543,"minecraft:player_kills":1,"minecraft:open_chest":3,"minecraft:crouch_one_cm":4091,"minecraft:deaths":12,"minecraft:sneak_time":2528,"minecraft:walk_under_water_one_cm":1453,"minecraft:jump":929,"minecraft:interact_with_blast_furnace":2,"minecraft:walk_on_water_one_cm":14745,"minecraft:fall_one_cm":17984},"minecraft:killed":{"tconstruct:earth_slime":12,"minecraft:skeleton":1,"minecraft:zombie":3},"minecraft:killed_by":{"iceandfire:gorgon":1,"minecraft:player":1,"minecraft:skeleton":1,"minecraft:creeper":1,"minecraft:zombie":1,"iceandfire:ghost":1,"vampirism:vampire":1,"medieval_craft_weapons:knight":1,"medieval_craft_weapons:soldier":2},"minecraft:used":{"vampirism:fire_place":1,"minecraft:poppy":6,"minecraft:oak_planks":1,"minecraft:spruce_planks":64,"minecraft:wooden_pickaxe":8,"medieval_craft_weapons:mighty_stick":32,"minecraft:dirt":1,"spartanweaponry:club_wood":17,"minecraft:crafting_table":1,"minecraft:spider_eye":1,"minecraft:wooden_axe":59,"minecraft:apple":1,"minecraft:iron_pickaxe":39,"minecraft:spruce_sapling":17,"minecraft:sweet_berries":2,"minecraft:potato":1,"minecraft:dandelion":1,"minecraft:bone_meal":3},"minecraft:crafted":{"minecraft:oak_planks":8,"minecraft:crafting_table":1,"minecraft:spruce_planks":64,"minecraft:wooden_pickaxe":1,"minecraft:bone_meal":3,"minecraft:stick":4,"minecraft:wooden_axe":1}},"DataVersion":2586}