{"stats":{"minecraft:killed_by":{"iceandfire:dread_beast":1,"minecraft:player":1,"iceandfire:dread_scuttler":1,"minecraft:creeper":1,"iceandfire:stymphalian_bird":5,"iceandfire:dread_ghoul":3,"iceandfire:sea_serpent":6,"iceandfire:dread_knight":6,"iceandfire:gorgon":1,"minecraft:skeleton":1,"minecraft:zombie":1,"iceandfire:ghost":2,"vampirism:vampire":1,"medieval_craft_weapons:knight":1,"medieval_craft_weapons:soldier":2},"minecraft:used":{"minecraft:poppy":6,"minecraft:spruce_planks":64,"minecraft:iron_sword":143,"medieval_craft_weapons:mighty_stick":32,"minecraft:dirt":1,"spartanweaponry:club_wood":17,"iceandfire:pixie_dust":1,"minecraft:wooden_axe":59,"minecraft:iron_axe":70,"minecraft:golden_sword":13,"minecraft:sweet_berries":2,"minecraft:potato":1,"vampirism:fire_place":1,"biomesoplenty:willow_log":1,"minecraft:oak_planks":1,"minecraft:wooden_pickaxe":8,"iceandfire:dread_knight_sword":75,"minecraft:crafting_table":1,"minecraft:spider_eye":1,"iceandfire:pixie_jar_4":1,"minecraft:pumpkin_seeds":2,"minecraft:wooden_hoe":2,"minecraft:apple":1,"minecraft:iron_pickaxe":105,"minecraft:spruce_sapling":17,"minecraft:dandelion":7,"minecraft:bone_meal":3},"minecraft:custom":{"minecraft:mob_kills":44,"minecraft:interact_with_crafting_table":1,"minecraft:damage_dealt_resisted":25,"minecraft:leave_game":9,"minecraft:time_since_death":0,"minecraft:climb_one_cm":4058,"minecraft:damage_resisted":50,"minecraft:sprint_one_cm":252773,"minecraft:walk_one_cm":586235,"minecraft:drop":40,"minecraft:sneak_time":7308,"minecraft:deaths":38,"minecraft:walk_under_water_one_cm":38832,"minecraft:jump":1513,"minecraft:interact_with_blast_furnace":5,"minecraft:walk_on_water_one_cm":50027,"minecraft:interact_with_furnace":3,"minecraft:play_one_minute":289533,"minecraft:interact_with_grindstone":1,"minecraft:sleep_in_bed":1,"minecraft:time_since_rest":0,"minecraft:damage_taken":2147483647,"minecraft:trigger_trapped_chest":1,"minecraft:damage_dealt":7191,"minecraft:player_kills":2,"minecraft:swim_one_cm":50064,"minecraft:fly_one_cm":1224374,"minecraft:open_chest":21,"minecraft:crouch_one_cm":8292,"minecraft:fall_one_cm":32613},"minecraft:mined":{"minecraft:spruce_planks":8,"minecraft:cobblestone_stairs":2,"biomesoplenty:desert_grass":1,"tconstruct:earth_slime_tall_grass":1,"iceandfire:dread_spawner":1,"minecraft:spruce_leaves":46,"minecraft:large_fern":1,"minecraft:spruce_sapling":1,"minecraft:iron_ore":27,"minecraft:vine":2,"minecraft:packed_ice":14,"minecraft:stone":16,"tconstruct:earth_congealed_slime":1,"farmersdelight:wild_potatoes":2,"minecraft:dandelion":1,"minecraft:poppy":6,"minecraft:tall_grass":5,"minecraft:cobblestone":5,"minecraft:oak_planks":1,"minecraft:cobblestone_wall":3,"minecraft:spruce_log":64,"minecraft:grass":20,"minecraft:oak_log":2,"minecraft:coal_ore":2,"minecraft:sunflower":1,"minecraft:gravel":1,"minecraft:dirt":2,"minecraft:cracked_stone_bricks":1,"minecraft:stone_bricks":15,"minecraft:netherrack":1,"minecraft:fern":6,"tconstruct:sky_congealed_slime":5,"quark:root":1},"minecraft:picked_up":{"iceandfire:copper_ingot":2,"spartanweaponry:club_wood":1,"minecraft:prismarine_shard":2,"minecraft:string":8,"minecraft:large_fern":1,"tconstruct:hand_axe":1,"vampirism:blood_bucket":1,"minecraft:glass_pane":15,"minecraft:cracked_stone_bricks":1,"minecraft:diamond_leggings":1,"minecraft:bucket":1,"minecraft:spruce_planks":39,"iceandfire:dread_knight_sword":3,"iceandfire:dread_shard":2,"minecraft:poppy":6,"minecraft:iron_pickaxe":1,"minecraft:iron_boots":1,"minecraft:egg":2,"iceandfire:pixie_dust":1,"minecraft:stick":2,"iceandfire:dragonbone":12,"minecraft:porkchop":9,"vampirism:vampire_fang":4,"minecraft:prismarine_crystals":5,"iceandfire:dragon_skull_ice":1,"iceandfire:blindfold":1,"minecraft:arrow":5,"vampirism:blood_bottle":8,"minecraft:rotten_flesh":16,"minecraft:diamond_chestplate":1,"medieval_craft_weapons:mighty_stick":1,"minecraft:diamond_boots":1,"iceandfire:earplugs":1,"tconstruct:earth_slime_sapling":1,"minecraft:mutton":8,"minecraft:skeleton_skull":1,"minecraft:white_wool":4,"minecraft:cobblestone":20,"iceandfire:pixie_jar_4":1,"vampirism:vampire_blood_bottle":2,"iceandfire:sea_serpent_fang":6,"minecraft:potato":1,"minecraft:oak_log":2,"minecraft:chainmail_chestplate":1,"minecraft:cobblestone_wall":2,"minecraft:cobblestone_stairs":2,"minecraft:wooden_hoe":1,"minecraft:dirt":2,"minecraft:bone":13,"minecraft:glass":1,"minecraft:apple":1,"minecraft:stone_bricks":10,"iceandfire:pixie_jar_empty":2,"minecraft:wheat_seeds":2,"minecraft:iron_ingot":10,"quark:tallow":11,"minecraft:iron_ore":52,"minecraft:diamond_helmet":1,"minecraft:glass_bottle":36,"minecraft:iron_sword":1,"minecraft:oak_planks":1,"iceandfire:copper_nugget":6,"minecraft:sweet_berries":2,"vampirism:fire_place":1,"minecraft:dandelion":7,"iceandfire:shiny_scales":2,"minecraft:spruce_sapling":4,"iceandfire:stymphalian_bird_feather":44,"minecraft:spruce_log":64,"minecraft:spider_eye":4,"minecraft:slime_ball":20,"biomesoplenty:willow_log":1,"vampirism:injection_sanguinare":1,"minecraft:iron_helmet":1,"iceandfire:sea_serpent_scales_red":6,"minecraft:emerald":1,"minecraft:chainmail_helmet":1,"iceandfire:gorgon_head":1,"minecraft:netherrack":1,"minecraft:coal":2,"minecraft:sunflower":1},"minecraft:broken":{"minecraft:iron_boots":1,"iceandfire:earplugs":1,"minecraft:wooden_axe":1},"minecraft:killed":{"vampirism:vampire":2,"tconstruct:earth_slime":18,"minecraft:spider":2,"iceandfire:dread_beast":1,"iceandfire:stymphalian_bird":2,"minecraft:skeleton":2,"iceandfire:dread_knight":2,"iceandfire:dread_thrall":1,"iceandfire:siren":1,"iceandfire:dread_scuttler":1,"minecraft:bat":1,"minecraft:zombie":4,"iceandfire:dread_ghoul":1},"minecraft:dropped":{"minecraft:iron_sword":2,"minecraft:porkchop":10,"minecraft:wheat_seeds":2,"minecraft:glass_bottle":11,"minecraft:iron_helmet":1,"minecraft:leather":3,"minecraft:chainmail_helmet":1,"minecraft:emerald":1,"minecraft:stick":2,"minecraft:mutton":8,"minecraft:iron_pickaxe":1,"minecraft:string":2,"iceandfire:stymphalian_bird_feather":15,"minecraft:rotten_flesh":12,"vampirism:blood_bottle":1,"vampirism:vampire_fang":1,"minecraft:spruce_planks":18,"minecraft:iron_chestplate":2,"minecraft:leather_boots":1,"tconstruct:earth_slime_sapling":1,"minecraft:golden_sword":1,"minecraft:iron_ore":26,"minecraft:beef":2,"minecraft:arrow":2},"minecraft:crafted":{"minecraft:oak_planks":8,"minecraft:bone_meal":3,"minecraft:iron_axe":1,"medieval_craft_weapons:mighty_stick":1,"minecraft:crafting_table":1,"minecraft:spruce_planks":84,"minecraft:wooden_pickaxe":1,"minecraft:iron_sword":1,"minecraft:iron_chestplate":2,"minecraft:stick":12,"minecraft:iron_ingot":26,"minecraft:iron_pickaxe":1,"minecraft:wooden_axe":1}},"DataVersion":2586}