{"stats":{"minecraft:dropped":{"minecraft:stone_slab":1,"minecraft:gray_wool":1,"farmersdelight:onion":3},"minecraft:custom":{"minecraft:interact_with_furnace":7,"minecraft:mob_kills":9,"minecraft:interact_with_crafting_table":15,"minecraft:leave_game":4,"minecraft:time_since_death":37307,"minecraft:sleep_in_bed":9,"minecraft:climb_one_cm":2860,"minecraft:time_since_rest":20858,"minecraft:sprint_one_cm":284567,"minecraft:damage_taken":2850,"minecraft:walk_one_cm":435360,"minecraft:drop":5,"minecraft:damage_dealt":1890,"minecraft:swim_one_cm":6191,"minecraft:fly_one_cm":165934,"minecraft:player_kills":1,"minecraft:open_chest":4,"minecraft:crouch_one_cm":9883,"minecraft:play_time":133695,"minecraft:sneak_time":6544,"minecraft:deaths":8,"minecraft:walk_under_water_one_cm":1472,"minecraft:jump":1253,"minecraft:walk_on_water_one_cm":6136,"minecraft:total_world_time":133695,"minecraft:fall_one_cm":36113},"minecraft:killed_by":{"minecraft:player":1,"minecraft:skeleton":2,"minecraft:zombie":4},"minecraft:killed":{"minecraft:pig":1,"alexsmobs:seagull":1,"minecraft:sheep":4,"minecraft:skeleton":1,"minecraft:zombie":1},"minecraft:mined":{"minecraft:podzol":1,"biomesoplenty:jacaranda_leaves":55,"minecraft:white_bed":3,"biomesoplenty:jacaranda_planks":5,"biomesoplenty:jacaranda_slab":10,"minecraft:dark_oak_log":3,"biomesoplenty:white_cherry_sapling":1,"minecraft:oak_fence":1,"minecraft:crafting_table":5,"biomesoplenty:bush":6,"minecraft:allium":2,"minecraft:grass_block":42,"biomesoplenty:stripped_jacaranda_log":3,"minecraft:mushroom_stem":5,"minecraft:tall_grass":5,"minecraft:spruce_leaves":2,"minecraft:oak_planks":2,"biomesoplenty:jacaranda_log":99,"biomesoplenty:tall_lavender":5,"minecraft:lilac":7,"biomesoplenty:lavender":87,"minecraft:spruce_log":13,"minecraft:azure_bluet":8,"minecraft:grass":51,"biomesoplenty:clover":31,"biomesoplenty:redwood_log":1,"minecraft:dirt":55,"minecraft:red_mushroom_block":5,"minecraft:stone":32,"minecraft:oak_leaves":1},"minecraft:broken":{"minecraft:wooden_axe":2},"minecraft:used":{"biomesoplenty:jacaranda_door":1,"minecraft:stone_sword":139,"minecraft:iron_shovel":21,"minecraft:stone_pickaxe":84,"minecraft:oak_planks":3,"minecraft:wooden_pickaxe":20,"minecraft:wooden_shovel":49,"biomesoplenty:lavender":5,"minecraft:torch":8,"minecraft:dirt":37,"minecraft:crafting_table":6,"minecraft:magenta_bed":1,"minecraft:allium":26,"minecraft:carrot":4,"minecraft:white_bed":6,"biomesoplenty:jacaranda_slab":99,"biomesoplenty:jacaranda_planks":76,"minecraft:wooden_axe":207,"biomesoplenty:tall_lavender":5,"biomesoplenty:jacaranda_log":55,"biomesoplenty:jacaranda_sapling":9,"biomesoplenty:white_cherry_sapling":3,"minecraft:cobblestone":9,"minecraft:furnace":1,"minecraft:cooked_porkchop":5,"alexsmobs:animal_dictionary":1,"minecraft:cooked_beef":1},"minecraft:crafted":{"minecraft:cooked_beef":1,"minecraft:magenta_bed":1,"minecraft:wooden_shovel":1,"biomesoplenty:jacaranda_planks":140,"minecraft:cooked_porkchop":5,"minecraft:crafting_table":1,"minecraft:spruce_planks":52,"minecraft:wooden_pickaxe":1,"minecraft:stone_axe":1,"biomesoplenty:jacaranda_slab":99,"minecraft:wooden_hoe":1,"minecraft:stick":28,"biomesoplenty:jacaranda_door":3,"minecraft:stone_pickaxe":1,"minecraft:wooden_axe":4,"minecraft:stone_sword":1,"biomesoplenty:magic_planks":64,"minecraft:white_bed":2,"minecraft:magenta_dye":1},"minecraft:picked_up":{"biomesoplenty:redwood_log":1,"minecraft:crafting_table":6,"minecraft:coarse_dirt":4,"minecraft:wheat":115,"minecraft:allium":205,"minecraft:feather":2,"minecraft:azure_bluet":28,"minecraft:lilac":7,"minecraft:leather":10,"minecraft:stone_slab":1,"minecraft:wooden_pickaxe":4,"biomesoplenty:jacaranda_sapling":10,"biomesoplenty:jacaranda_planks":5,"minecraft:wooden_hoe":4,"farmersdelight:tomato":3,"minecraft:dirt":225,"biomesoplenty:tall_lavender":5,"minecraft:item_frame":1,"minecraft:iron_shovel":1,"minecraft:bone":16,"biomesoplenty:jacaranda_slab":4,"minecraft:wheat_seeds":20,"minecraft:spruce_planks":18,"minecraft:beef":9,"minecraft:stone_pickaxe":4,"biomesoplenty:magic_log":32,"minecraft:iron_pickaxe":4,"minecraft:oak_planks":7,"minecraft:furnace":1,"biomesoplenty:magic_sapling":2,"minecraft:stick":7,"minecraft:cooked_porkchop":3,"minecraft:oak_fence":1,"minecraft:torch":9,"minecraft:porkchop":5,"magistuarmory:rustednorman_helmet":5,"farmersdelight:tomato_seeds":12,"biomesoplenty:white_cherry_sapling":5,"minecraft:carrot":1,"minecraft:white_bed":5,"minecraft:spruce_log":17,"minecraft:dark_oak_log":3,"minecraft:spruce_door":2,"minecraft:stone_sword":2,"minecraft:arrow":26,"biomesoplenty:blue_hydrangea":6,"minecraft:rotten_flesh":9,"biomesoplenty:jacaranda_log":99,"minecraft:stone_axe":1,"biomesoplenty:magic_planks":64,"farmersdelight:onion":20,"minecraft:gray_wool":2,"alexsmobs:maggot":6,"minecraft:mutton":21,"biomesoplenty:stripped_jacaranda_log":3,"minecraft:cobblestone":49,"minecraft:white_wool":15,"minecraft:wooden_axe":1,"biomesoplenty:lavender":82}},"DataVersion":3120}