{"stats":{"minecraft:broken":{"minecraft:wooden_axe":1},"minecraft:picked_up":{"spartanweaponry:club_wood":1,"vampirism:vampire_blood_bottle":2,"minecraft:sweet_berries":2,"vampirism:fire_place":1,"minecraft:dandelion":1,"minecraft:potato":1,"minecraft:porkchop":4,"minecraft:oak_log":2,"minecraft:spruce_sapling":2,"vampirism:vampire_fang":2,"minecraft:spruce_log":63,"minecraft:spider_eye":1,"minecraft:dirt":1,"minecraft:string":1,"minecraft:large_fern":1,"minecraft:bone":7,"tconstruct:hand_axe":1,"vampirism:blood_bottle":1,"minecraft:arrow":3,"minecraft:rotten_flesh":5,"minecraft:apple":1,"medieval_craft_weapons:mighty_stick":1,"minecraft:wheat_seeds":2,"vampirism:injection_sanguinare":1,"minecraft:spruce_planks":8,"minecraft:iron_helmet":1,"quark:tallow":5,"minecraft:poppy":6,"minecraft:glass_bottle":12,"minecraft:mutton":6,"minecraft:oak_planks":1,"minecraft:iron_boots":1},"minecraft:mined":{"minecraft:large_fern":1,"minecraft:spruce_planks":8,"minecraft:spruce_log":64,"minecraft:dandelion":1,"minecraft:grass":12,"minecraft:oak_log":2,"minecraft:poppy":6,"minecraft:dirt":2,"minecraft:packed_ice":14,"minecraft:spruce_leaves":44,"minecraft:oak_planks":1,"farmersdelight:wild_potatoes":2,"minecraft:fern":2},"minecraft:custom":{"minecraft:time_since_rest":6624,"minecraft:interact_with_furnace":1,"minecraft:sprint_one_cm":159946,"minecraft:damage_taken":301810,"minecraft:walk_one_cm":226103,"minecraft:mob_kills":11,"minecraft:damage_dealt":1365,"minecraft:interact_with_crafting_table":1,"minecraft:swim_one_cm":8681,"minecraft:fly_one_cm":136305,"minecraft:open_chest":1,"minecraft:crouch_one_cm":3602,"minecraft:deaths":5,"minecraft:play_one_minute":82833,"minecraft:sneak_time":1620,"minecraft:walk_under_water_one_cm":1451,"minecraft:jump":824,"minecraft:damage_dealt_resisted":25,"minecraft:interact_with_grindstone":1,"minecraft:interact_with_blast_furnace":1,"minecraft:leave_game":4,"minecraft:time_since_death":6590,"minecraft:walk_on_water_one_cm":11941,"minecraft:sleep_in_bed":1,"minecraft:fall_one_cm":16014},"minecraft:killed":{"minecraft:skeleton":1,"minecraft:zombie":3},"minecraft:killed_by":{"minecraft:player":1,"vampirism:vampire":1,"minecraft:skeleton":1,"minecraft:creeper":1,"minecraft:zombie":1},"minecraft:used":{"minecraft:wooden_axe":59,"vampirism:fire_place":1,"minecraft:apple":1,"minecraft:oak_planks":1,"minecraft:spruce_planks":64,"minecraft:wooden_pickaxe":8,"medieval_craft_weapons:mighty_stick":23,"spartanweaponry:club_wood":15,"minecraft:sweet_berries":2,"minecraft:crafting_table":1,"minecraft:spider_eye":1,"minecraft:potato":1},"minecraft:crafted":{"minecraft:oak_planks":8,"minecraft:crafting_table":1,"minecraft:spruce_planks":64,"minecraft:stick":4,"minecraft:wooden_pickaxe":1,"minecraft:wooden_axe":1}},"DataVersion":2586}