{"stats":{"minecraft:picked_up":{"spartanweaponry:club_wood":1,"vampirism:vampire_blood_bottle":2,"vampirism:fire_place":1,"minecraft:potato":1,"vampirism:vampire_fang":2,"minecraft:string":1,"minecraft:spider_eye":1,"minecraft:dirt":1,"minecraft:large_fern":1,"minecraft:arrow":3,"minecraft:bone":6,"minecraft:rotten_flesh":3,"minecraft:apple":1,"medieval_craft_weapons:mighty_stick":1,"minecraft:wheat_seeds":2,"vampirism:injection_sanguinare":1,"minecraft:oak_planks":1},"minecraft:mined":{"minecraft:grass":10,"minecraft:dirt":2,"minecraft:packed_ice":14,"minecraft:oak_planks":1,"farmersdelight:wild_potatoes":2,"minecraft:fern":2},"minecraft:custom":{"minecraft:time_since_rest":6505,"minecraft:sprint_one_cm":96294,"minecraft:damage_taken":101053,"minecraft:walk_one_cm":120917,"minecraft:mob_kills":1,"minecraft:damage_dealt":537,"minecraft:swim_one_cm":8681,"minecraft:fly_one_cm":92997,"minecraft:crouch_one_cm":1704,"minecraft:play_one_minute":38977,"minecraft:deaths":3,"minecraft:sneak_time":870,"minecraft:walk_under_water_one_cm":1451,"minecraft:jump":554,"minecraft:leave_game":1,"minecraft:walk_on_water_one_cm":11423,"minecraft:time_since_death":7354,"minecraft:sleep_in_bed":1,"minecraft:fall_one_cm":9397},"minecraft:killed":{"minecraft:zombie":1},"minecraft:killed_by":{"vampirism:vampire":1,"minecraft:skeleton":1,"minecraft:creeper":1},"minecraft:used":{"vampirism:fire_place":1,"minecraft:apple":1,"minecraft:oak_planks":1,"medieval_craft_weapons:mighty_stick":19,"spartanweaponry:club_wood":15,"minecraft:spider_eye":1,"minecraft:potato":1}},"DataVersion":2586}