{"stats":{"minecraft:used":{"minecraft:stone_sword":127,"minecraft:iron_shovel":21,"minecraft:stone_pickaxe":26,"minecraft:oak_planks":3,"minecraft:wooden_pickaxe":14,"minecraft:dirt":25,"minecraft:crafting_table":4,"minecraft:magenta_bed":1,"minecraft:carrot":4,"minecraft:white_bed":4,"minecraft:wooden_axe":27,"minecraft:furnace":1,"minecraft:cooked_porkchop":5,"alexsmobs:animal_dictionary":1,"minecraft:cooked_beef":1},"minecraft:picked_up":{"minecraft:wooden_axe":1,"biomesoplenty:redwood_log":1,"minecraft:coarse_dirt":1,"minecraft:wheat":1,"minecraft:crafting_table":5,"minecraft:allium":127,"minecraft:feather":2,"minecraft:azure_bluet":7,"minecraft:lilac":7,"minecraft:leather":4,"minecraft:stone_slab":1,"minecraft:wooden_pickaxe":1,"minecraft:wooden_hoe":1,"farmersdelight:tomato":2,"minecraft:dirt":178,"minecraft:item_frame":1,"minecraft:iron_shovel":1,"minecraft:bone":16,"minecraft:wheat_seeds":12,"minecraft:spruce_planks":18,"minecraft:beef":3,"minecraft:stone_pickaxe":1,"biomesoplenty:magic_log":32,"minecraft:iron_pickaxe":1,"minecraft:oak_planks":7,"minecraft:furnace":1,"biomesoplenty:magic_sapling":2,"minecraft:cooked_porkchop":3,"minecraft:oak_fence":1,"minecraft:porkchop":5,"magistuarmory:rustednorman_helmet":2,"farmersdelight:tomato_seeds":6,"biomesoplenty:white_cherry_sapling":2,"minecraft:carrot":1,"minecraft:white_bed":3,"minecraft:spruce_log":17,"minecraft:dark_oak_log":3,"minecraft:spruce_door":2,"minecraft:stone_sword":1,"minecraft:arrow":11,"biomesoplenty:blue_hydrangea":6,"minecraft:rotten_flesh":2,"minecraft:stone_axe":1,"farmersdelight:onion":15,"minecraft:gray_wool":2,"alexsmobs:maggot":6,"minecraft:mutton":21,"biomesoplenty:lavender":4,"minecraft:white_wool":15,"minecraft:cobblestone":40},"minecraft:killed":{"minecraft:pig":1,"alexsmobs:seagull":1,"minecraft:sheep":4,"minecraft:skeleton":1},"minecraft:custom":{"minecraft:interact_with_furnace":7,"minecraft:mob_kills":7,"minecraft:interact_with_crafting_table":7,"minecraft:leave_game":3,"minecraft:time_since_death":29907,"minecraft:sleep_in_bed":7,"minecraft:climb_one_cm":2860,"minecraft:time_since_rest":487,"minecraft:sprint_one_cm":194710,"minecraft:damage_taken":1649,"minecraft:walk_one_cm":202979,"minecraft:drop":5,"minecraft:damage_dealt":1488,"minecraft:swim_one_cm":6191,"minecraft:fly_one_cm":137872,"minecraft:player_kills":1,"minecraft:open_chest":4,"minecraft:crouch_one_cm":749,"minecraft:play_time":59675,"minecraft:deaths":5,"minecraft:sneak_time":88,"minecraft:walk_under_water_one_cm":1472,"minecraft:jump":978,"minecraft:walk_on_water_one_cm":6136,"minecraft:total_world_time":59675,"minecraft:fall_one_cm":28291},"minecraft:killed_by":{"minecraft:player":1,"minecraft:skeleton":2,"minecraft:zombie":2},"minecraft:crafted":{"minecraft:cooked_beef":1,"minecraft:magenta_bed":1,"minecraft:cooked_porkchop":5,"minecraft:crafting_table":1,"minecraft:spruce_planks":52,"minecraft:wooden_pickaxe":1,"minecraft:stone_axe":1,"minecraft:wooden_hoe":1,"minecraft:stick":16,"minecraft:stone_pickaxe":1,"minecraft:wooden_axe":1,"minecraft:stone_sword":1,"biomesoplenty:magic_planks":64,"minecraft:white_bed":2,"minecraft:magenta_dye":1},"minecraft:mined":{"minecraft:white_bed":1,"minecraft:dark_oak_log":3,"minecraft:oak_fence":1,"minecraft:crafting_table":4,"biomesoplenty:bush":6,"minecraft:allium":2,"minecraft:grass_block":33,"minecraft:mushroom_stem":5,"minecraft:spruce_leaves":2,"minecraft:oak_planks":2,"biomesoplenty:lavender":1,"minecraft:lilac":7,"minecraft:spruce_log":13,"minecraft:azure_bluet":8,"minecraft:grass":29,"biomesoplenty:clover":31,"biomesoplenty:redwood_log":1,"minecraft:dirt":43,"minecraft:red_mushroom_block":5,"minecraft:stone":23,"minecraft:oak_leaves":1,"minecraft:podzol":1},"minecraft:dropped":{"minecraft:stone_slab":1,"minecraft:gray_wool":1,"farmersdelight:onion":3}},"DataVersion":3120}