{"stats":{"minecraft:broken":{"minecraft:wooden_axe":1},"minecraft:picked_up":{"spartanweaponry:club_wood":1,"vampirism:vampire_blood_bottle":2,"vampirism:fire_place":1,"minecraft:potato":1,"minecraft:oak_log":2,"minecraft:spruce_sapling":2,"vampirism:vampire_fang":2,"minecraft:spruce_log":63,"minecraft:string":1,"minecraft:spider_eye":1,"minecraft:dirt":1,"minecraft:large_fern":1,"tconstruct:hand_axe":1,"minecraft:arrow":3,"minecraft:bone":6,"minecraft:rotten_flesh":3,"minecraft:apple":1,"medieval_craft_weapons:mighty_stick":1,"minecraft:wheat_seeds":2,"vampirism:injection_sanguinare":1,"minecraft:spruce_planks":8,"minecraft:iron_helmet":1,"minecraft:oak_planks":1,"minecraft:iron_boots":1},"minecraft:mined":{"minecraft:spruce_planks":8,"minecraft:spruce_log":64,"minecraft:grass":12,"minecraft:oak_log":2,"minecraft:dirt":2,"minecraft:packed_ice":14,"minecraft:spruce_leaves":42,"minecraft:oak_planks":1,"farmersdelight:wild_potatoes":2,"minecraft:fern":2},"minecraft:custom":{"minecraft:time_since_rest":30505,"minecraft:interact_with_furnace":1,"minecraft:sprint_one_cm":110264,"minecraft:damage_taken":101279,"minecraft:walk_one_cm":156496,"minecraft:mob_kills":1,"minecraft:damage_dealt":537,"minecraft:interact_with_crafting_table":1,"minecraft:swim_one_cm":8681,"minecraft:fly_one_cm":104437,"minecraft:open_chest":1,"minecraft:crouch_one_cm":2761,"minecraft:play_one_minute":62977,"minecraft:deaths":3,"minecraft:sneak_time":1514,"minecraft:walk_under_water_one_cm":1451,"minecraft:jump":669,"minecraft:interact_with_blast_furnace":1,"minecraft:leave_game":1,"minecraft:walk_on_water_one_cm":11423,"minecraft:time_since_death":31354,"minecraft:sleep_in_bed":1,"minecraft:fall_one_cm":12494},"minecraft:killed":{"minecraft:zombie":1},"minecraft:killed_by":{"vampirism:vampire":1,"minecraft:skeleton":1,"minecraft:creeper":1},"minecraft:used":{"minecraft:wooden_axe":59,"vampirism:fire_place":1,"minecraft:apple":1,"minecraft:oak_planks":1,"minecraft:spruce_planks":64,"medieval_craft_weapons:mighty_stick":23,"spartanweaponry:club_wood":15,"minecraft:crafting_table":1,"minecraft:spider_eye":1,"minecraft:potato":1},"minecraft:crafted":{"minecraft:oak_planks":8,"minecraft:crafting_table":1,"minecraft:spruce_planks":64,"minecraft:stick":4,"minecraft:wooden_pickaxe":1,"minecraft:wooden_axe":1}},"DataVersion":2586}