{"stats":{"minecraft:broken":{"minecraft:wooden_axe":1},"minecraft:dropped":{"minecraft:porkchop":5,"minecraft:wheat_seeds":2,"minecraft:glass_bottle":11,"minecraft:rotten_flesh":5,"vampirism:blood_bottle":1,"minecraft:mutton":6,"minecraft:beef":2,"minecraft:string":2},"minecraft:picked_up":{"spartanweaponry:club_wood":1,"vampirism:vampire_blood_bottle":2,"minecraft:potato":1,"minecraft:oak_log":2,"minecraft:string":2,"minecraft:dirt":1,"minecraft:large_fern":1,"tconstruct:hand_axe":1,"minecraft:bone":7,"minecraft:apple":1,"minecraft:wheat_seeds":2,"minecraft:bucket":1,"minecraft:spruce_planks":8,"quark:tallow":5,"minecraft:poppy":6,"minecraft:glass_bottle":23,"minecraft:oak_planks":1,"minecraft:iron_boots":1,"minecraft:sweet_berries":2,"vampirism:fire_place":1,"minecraft:dandelion":1,"minecraft:porkchop":4,"minecraft:spruce_sapling":3,"vampirism:vampire_fang":2,"minecraft:spruce_log":63,"minecraft:spider_eye":1,"minecraft:arrow":3,"vampirism:blood_bottle":8,"minecraft:rotten_flesh":5,"vampirism:injection_sanguinare":1,"medieval_craft_weapons:mighty_stick":1,"minecraft:iron_helmet":1,"minecraft:mutton":6,"minecraft:white_wool":3},"minecraft:mined":{"minecraft:spruce_planks":8,"minecraft:dandelion":1,"minecraft:poppy":6,"minecraft:spruce_leaves":44,"minecraft:oak_planks":1,"minecraft:large_fern":1,"minecraft:spruce_sapling":1,"minecraft:spruce_log":64,"minecraft:grass":12,"minecraft:oak_log":2,"minecraft:dirt":2,"minecraft:packed_ice":14,"farmersdelight:wild_potatoes":2,"minecraft:fern":2},"minecraft:custom":{"minecraft:interact_with_furnace":1,"minecraft:mob_kills":11,"minecraft:interact_with_crafting_table":1,"minecraft:play_one_minute":94833,"minecraft:damage_dealt_resisted":25,"minecraft:interact_with_grindstone":1,"minecraft:leave_game":4,"minecraft:time_since_death":18590,"minecraft:sleep_in_bed":1,"minecraft:damage_resisted":20,"minecraft:time_since_rest":18624,"minecraft:sprint_one_cm":169829,"minecraft:damage_taken":301832,"minecraft:walk_one_cm":253295,"minecraft:drop":17,"minecraft:damage_dealt":1365,"minecraft:swim_one_cm":8681,"minecraft:fly_one_cm":139118,"minecraft:open_chest":1,"minecraft:crouch_one_cm":3774,"minecraft:deaths":5,"minecraft:sneak_time":1638,"minecraft:walk_under_water_one_cm":1451,"minecraft:jump":846,"minecraft:interact_with_blast_furnace":1,"minecraft:walk_on_water_one_cm":11941,"minecraft:fall_one_cm":16014},"minecraft:killed":{"minecraft:skeleton":1,"minecraft:zombie":3},"minecraft:killed_by":{"minecraft:player":1,"minecraft:skeleton":1,"minecraft:creeper":1,"minecraft:zombie":1,"vampirism:vampire":1},"minecraft:used":{"vampirism:fire_place":1,"minecraft:poppy":6,"minecraft:oak_planks":1,"minecraft:spruce_planks":64,"minecraft:wooden_pickaxe":8,"medieval_craft_weapons:mighty_stick":23,"spartanweaponry:club_wood":15,"minecraft:crafting_table":1,"minecraft:spider_eye":1,"minecraft:wooden_axe":59,"minecraft:apple":1,"minecraft:spruce_sapling":17,"minecraft:sweet_berries":2,"minecraft:potato":1,"minecraft:dandelion":1,"minecraft:bone_meal":3},"minecraft:crafted":{"minecraft:oak_planks":8,"minecraft:crafting_table":1,"minecraft:spruce_planks":64,"minecraft:wooden_pickaxe":1,"minecraft:bone_meal":3,"minecraft:stick":4,"minecraft:wooden_axe":1}},"DataVersion":2586}